life_expectancy,adult_mortality,bmi,hiv_aids,income_comp_res,schooling
73.9,92.0,64.7,0.1,0.804,13.9
82.1,61.0,64.2,0.1,0.8909999999999999,15.9
63.8,247.0,18.9,1.3,0.46399999999999997,10.2
65.2,24.0,39.6,1.1,0.622,11.7
64.0,221.0,38.1,0.1,0.0,10.2
65.1,217.0,24.7,1.2,0.527,10.3
74.8,129.0,52.4,0.1,0.6940000000000001,11.4
72.0,142.0,47.1,0.1,0.639,11.2
56.7,336.0,2.9,4.3,0.442,10.6
79.0,159.0,61.1,0.1,0.688,13.1
65.7,24.0,76.2,0.1,0.581,11.9
71.8,123.0,51.7,0.1,0.589,10.3
67.1,192.0,29.3,0.2,0.5589999999999999,11.0
63.3,273.0,15.5,0.2,0.0,8.4
61.1,314.0,22.8,4.3,0.57,12.5
58.2,366.0,21.2,6.3,0.5429999999999999,12.0
72.9,172.0,35.5,0.1,0.762,13.5
54.0,485.0,42.2,28.9,0.613,12.9
58.2,354.0,22.8,5.0,0.517,9.8
73.7,121.0,45.4,0.4,0.753,14.2
78.7,96.0,59.9,0.1,0.773,14.7
69.5,144.0,14.6,0.1,0.523,8.4
71.0,175.0,5.9,0.2,0.706,12.8
73.5,134.0,55.0,0.1,0.74,12.6
62.0,289.0,31.3,3.3,0.42700000000000005,5.0
59.9,271.0,18.6,0.1,0.47600000000000003,10.0
72.6,11.0,56.2,0.1,0.737,11.8
73.0,117.0,3.5,0.2,0.643,13.5
59.9,26.0,19.4,0.6,0.39899999999999997,7.7
66.5,22.0,39.6,0.1,0.446,7.3
74.8,99.0,65.4,0.1,0.763,13.3
75.4,124.0,59.5,0.1,0.76,15.3
62.8,225.0,2.8,0.6,0.435,7.1
44.6,613.0,15.2,24.2,0.36200000000000004,10.3
73.9,158.0,27.9,0.2,0.711,13.1
55.3,473.0,45.7,23.5,0.616,12.9
73.0,121.0,46.5,0.1,0.6729999999999999,11.7
74.8,141.0,45.9,0.1,0.7340000000000001,13.1
78.9,91.0,58.1,0.1,0.7959999999999999,14.9
73.6,157.0,52.6,1.2,0.695,12.9
66.3,215.0,48.6,0.1,0.688,10.8
76.0,176.0,43.0,0.4,0.774,12.6
69.4,174.0,53.5,0.1,0.629,11.4
65.8,22.0,44.1,0.3,0.63,10.6
71.6,189.0,21.7,0.5,0.674,11.9
64.5,235.0,42.7,0.1,0.0,10.5
67.0,261.0,35.43532608695652,0.2,0.423,6.1
89.0,88.0,59.1,0.1,0.877,16.1
81.2,69.0,3.4,0.1,0.5823099263112267,11.219255733448723
75.7,1.0,51.0,0.1,0.6970000000000001,12.7
73.6,9.0,66.3,0.1,0.789,14.2
68.4,174.0,65.2,0.1,0.628,11.2
73.6,131.0,73.8,0.1,0.7,12.9
48.1,424.0,21.7,1.6,0.384,8.7
78.0,23.0,6.7,0.2,0.746,15.2
75.1,85.0,56.0,0.1,0.755,13.6
69.1,194.0,34.4,1.2,0.715,11.8
66.8,161.0,11.6,0.1,0.484,7.9
59.0,284.0,23.3,0.5,0.414,8.8
53.6,362.0,24.7,3.9,0.521,10.0
73.3,136.0,52.7,0.1,0.0,0.0
72.6,144.0,72.5,0.1,0.69,12.9
58.1,29.0,21.2,2.0,0.385,8.4
66.1,181.0,34.7,0.3,0.586,10.9
85.0,82.0,63.8,0.1,0.845,16.3
73.0,225.0,59.9,0.1,0.8029999999999999,14.9
76.7,115.0,5.4,0.1,0.6859999999999999,12.3
51.0,338.0,12.9,3.2,0.0,3.6
69.4,166.0,69.4,0.1,0.637,11.7
71.0,161.0,45.7,0.1,0.5720000000000001,10.6
61.5,38.0,18.1,3.2,0.483,10.0
73.4,165.0,57.6,0.1,0.728,12.9
75.7,125.0,47.8,0.2,0.725,12.6
72.5,168.0,53.4,0.1,0.67,10.6
57.5,295.0,15.2,0.1,0.415,8.4
51.5,417.0,25.0,3.3,0.5823099263112267,11.219255733448723
76.6,84.0,65.1,0.1,0.83,13.7
62.8,254.0,17.6,0.5,0.5,9.7
77.0,186.0,52.6,0.1,0.6709999999999999,13.8
61.3,236.0,19.9,0.7,0.42200000000000004,6.6
66.0,21.0,14.4,0.2,0.47600000000000003,9.6
65.0,29.0,38.5,3.9,0.452,8.2
74.6,152.0,32.4,0.1,0.737,13.6
62.0,269.0,25.4,1.4,0.44,8.8
61.7,31.0,33.0,8.0,0.652,12.4
69.4,19.0,36.8,1.0,0.736,12.2
55.6,371.0,26.6,4.9,0.486,10.0
74.6,147.0,41.4,0.1,0.0,0.0
75.4,83.0,58.5,0.1,0.77,14.9
52.1,412.0,22.8,7.5,0.455,8.2
65.4,226.0,39.6,0.1,0.498,9.0
55.6,317.0,19.0,2.6,0.35600000000000004,7.1
73.8,145.0,17.2,0.1,0.718,13.1
78.2,89.0,26.7,0.1,0.5823099263112267,11.219255733448723
71.7,134.0,52.5,0.1,0.596,10.8
47.4,382.0,17.7,2.6,0.426,6.8
53.2,446.0,14.5,8.7,0.429,10.9
74.3,143.0,55.7,0.1,0.7070000000000001,13.2
47.1,386.0,17.2,2.5,0.415,6.4
74.8,172.0,63.2,0.1,0.79,12.6
73.0,19.0,54.8,0.5,0.7,12.3
59.7,322.0,3.3,11.1,0.64,12.3
72.9,134.0,46.5,0.1,0.705,10.7
78.0,146.0,45.5,0.1,0.6659999999999999,11.6
54.1,412.0,16.4,11.6,0.474,9.6
75.5,98.0,54.5,0.1,0.794,15.3
64.4,294.0,56.2,0.1,0.575,9.0
58.1,299.0,22.7,0.5,0.41200000000000003,8.6
68.9,228.0,49.5,0.1,0.5823099263112267,11.219255733448723
79.0,176.0,38.8,0.1,0.0,14.4
73.0,24.0,47.0,0.4,0.621,11.8
72.2,149.0,7.9,0.1,0.682,12.9
54.5,486.0,45.0,26.4,0.612,12.9
69.4,184.0,44.7,0.1,0.6970000000000001,12.1
62.8,274.0,38.5,0.1,0.5820000000000001,8.9
79.2,96.0,58.6,0.1,0.8690000000000001,17.2
74.4,144.0,47.9,0.3,0.693,12.8
51.6,365.0,17.5,3.9,0.37,6.7
48.7,371.0,19.3,2.6,0.46799999999999997,8.1
77.0,116.0,64.0,0.1,0.794,15.5
71.2,141.0,49.9,0.1,0.591,10.8
57.6,285.0,24.3,5.3,0.41600000000000004,9.1
53.1,381.0,35.43532608695652,4.2,0.0,0.0
69.4,189.0,48.5,0.1,0.7020000000000001,12.5
72.5,169.0,54.1,0.1,0.672,10.4
56.7,375.0,22.2,4.1,0.409,9.1
74.9,13.0,58.3,0.1,0.7170000000000001,14.6
56.8,33.0,16.1,1.9,0.361,9.3
66.3,198.0,77.6,0.1,0.586,11.9
67.0,223.0,2.1,0.1,0.642,11.6
67.6,256.0,55.4,0.9,0.6829999999999999,13.9
67.1,186.0,35.9,0.2,0.6,11.0
73.1,144.0,5.5,0.1,0.6579999999999999,11.1
71.4,189.0,49.3,0.4,0.611,10.7
62.5,243.0,35.43532608695652,0.3,0.461,7.0
75.6,127.0,6.1,0.1,0.7390000000000001,12.5
64.4,211.0,13.5,0.3,0.526,9.4
76.0,174.0,67.4,0.1,0.653,12.1
63.6,218.0,18.0,0.3,0.535,9.6
76.9,77.0,62.4,0.1,0.8320000000000001,13.3
74.5,145.0,48.9,0.4,0.718,12.6
62.6,224.0,2.7,1.5,0.488,9.3
75.2,139.0,51.2,0.6,0.722,12.8
56.0,358.0,21.5,2.6,0.508,10.3
45.6,69.0,27.4,50.3,0.49200000000000005,9.4
52.2,449.0,18.1,10.0,0.5823099263112267,11.219255733448723
73.9,127.0,52.8,0.1,0.742,13.3
65.1,268.0,37.3,2.3,0.6970000000000001,12.6
77.2,12.0,55.6,0.1,0.765,12.8
76.2,12.0,52.8,0.1,0.7959999999999999,13.7
72.8,121.0,58.6,0.1,0.733,13.7
76.6,118.0,6.7,0.1,0.774,15.5
79.4,8.0,58.5,0.1,0.867,15.8
74.4,98.0,61.9,0.1,0.731,12.9
73.2,131.0,46.8,0.1,0.61,10.6
71.0,133.0,49.9,0.1,0.575,10.0
69.0,227.0,18.5,0.6,0.341,5.3
59.2,277.0,24.0,2.1,0.4,9.7
67.8,236.0,49.2,0.1,0.763,14.5
59.4,241.0,17.7,0.7,0.32299999999999995,4.8
69.5,17.0,57.8,0.1,0.659,10.3
72.8,161.0,43.5,0.8,0.583,10.8
73.0,141.0,46.6,0.1,0.7190000000000001,11.6
69.2,166.0,68.1,0.1,0.6409999999999999,11.7
66.5,188.0,16.0,0.1,0.604,10.6
74.9,129.0,53.6,0.1,0.725,13.4
46.0,665.0,25.5,43.5,0.434,9.8
51.6,332.0,13.3,2.9,0.0,3.8
66.8,193.0,16.4,0.2,0.58,10.8
71.6,183.0,36.8,0.4,0.0,12.8
53.3,313.0,14.2,2.3,0.0,4.3
75.4,113.0,59.7,0.1,0.792,15.1
72.2,184.0,31.8,0.1,0.7390000000000001,13.2
73.3,137.0,5.7,0.1,0.725,11.9
54.5,411.0,19.1,8.5,0.5823099263112267,11.219255733448723
71.4,132.0,17.7,0.1,0.57,10.0
73.2,14.0,5.1,0.1,0.721,12.3
73.3,161.0,55.9,0.1,0.687,11.6
58.5,273.0,12.4,2.2,0.41200000000000003,7.6
73.1,157.0,53.1,0.1,0.72,13.3
76.4,85.0,64.1,0.1,0.807,12.2
74.3,95.0,58.5,0.1,0.645,12.1
68.4,225.0,51.5,0.1,0.7290000000000001,14.8
72.4,138.0,5.4,0.1,0.7040000000000001,11.8
84.0,76.0,64.9,0.1,0.858,16.8
58.0,434.0,18.5,16.2,0.341,7.3
67.8,235.0,48.5,0.1,0.758,14.6
74.6,19.0,49.9,0.1,0.779,15.5
66.7,174.0,35.9,0.2,0.601,11.1
74.1,1.0,61.4,0.1,0.733,13.2
52.6,378.0,13.8,4.8,0.27899999999999997,5.2
59.0,27.0,18.2,0.7,0.392,7.5
64.2,179.0,19.5,0.1,0.501,6.5
58.0,348.0,18.6,0.9,0.5823099263112267,11.219255733448723
75.2,19.0,64.5,0.1,0.754,14.4
77.0,196.0,47.2,0.4,0.602,10.5
69.3,214.0,47.2,2.1,0.6659999999999999,12.5
75.0,24.0,59.0,0.2,0.7340000000000001,14.9
65.0,238.0,39.0,1.8,0.619,11.4
51.0,413.0,24.4,0.5,0.431,9.5
51.0,426.0,24.4,3.7,0.5823099263112267,11.219255733448723
59.1,251.0,23.5,1.4,0.45399999999999996,9.8
65.9,221.0,42.4,0.4,0.618,10.2
79.0,159.0,59.4,0.1,0.6809999999999999,12.8
71.5,165.0,47.5,0.1,0.653,11.4
69.5,184.0,46.3,0.3,0.7,12.7
73.9,118.0,61.1,0.1,0.7090000000000001,12.5
71.4,167.0,46.7,0.1,0.65,11.3
53.4,369.0,14.1,4.3,0.28600000000000003,5.6
69.4,153.0,3.8,0.1,0.5823099263112267,11.219255733448723
67.7,158.0,16.6,0.1,0.62,12.5
61.8,268.0,32.7,2.7,0.451,5.9
63.6,274.0,17.0,0.6,0.41,5.0
68.2,247.0,56.2,0.1,0.703,14.1
63.8,238.0,35.7,0.1,0.48,8.5
67.11146523178809,182.8331953642384,82.8,0.1,0.5823099263112267,11.219255733448723
69.9,146.0,47.3,0.1,0.551,9.3
44.8,73.0,26.3,39.8,0.42700000000000005,10.0
68.7,181.0,25.6,0.3,0.677,12.9
78.9,99.0,53.4,0.1,0.74,12.9
77.5,74.0,66.5,0.1,0.8270000000000001,12.4
55.9,344.0,19.8,5.1,0.44299999999999995,10.6
71.8,188.0,27.1,0.1,0.0,12.3
66.9,224.0,38.0,0.1,0.612,12.4
67.0,189.0,15.4,0.2,0.49200000000000005,10.1
64.5,293.0,57.1,0.1,0.5529999999999999,9.0
63.4,24.0,35.1,0.1,0.47700000000000004,8.6
68.5,183.0,24.7,0.3,0.669,12.6
71.1,173.0,39.4,0.1,0.0,14.6
74.7,11.0,56.0,0.1,0.8029999999999999,12.1
72.2,185.0,3.1,0.1,0.7120000000000001,12.1
72.0,187.0,27.6,0.1,0.7140000000000001,12.2
58.6,33.0,17.6,1.0,0.39799999999999996,10.5
67.3,191.0,19.7,0.1,0.632,10.9
52.2,513.0,3.8,9.0,0.479,11.0
72.2,11.0,21.2,0.1,0.5920000000000001,9.6
68.3,214.0,55.1,0.1,0.6990000000000001,13.9
68.0,155.0,17.0,0.1,0.612,12.5
54.4,36.0,2.7,5.6,0.38799999999999996,8.3
74.3,13.0,36.3,0.1,0.774,13.0
72.4,148.0,7.1,0.1,0.695,14.6
74.8,95.0,28.0,0.1,0.82,13.3
51.7,566.0,32.7,20.6,0.593,11.9
68.4,154.0,44.2,0.1,0.6679999999999999,11.0
71.9,155.0,67.0,0.1,0.679,13.5
72.1,186.0,29.2,0.1,0.715,12.3
56.2,344.0,22.6,7.7,0.58,9.2
55.7,345.0,19.3,5.0,0.436,10.2
64.0,37.0,41.1,1.5,0.446,7.9
59.8,269.0,18.8,0.1,0.0,9.5
74.4,123.0,52.8,0.1,0.705,13.1
56.2,3.0,13.0,0.1,0.341,6.2
59.4,34.0,13.9,1.6,0.0,5.4
61.6,288.0,44.2,1.1,0.47700000000000004,9.2
65.8,235.0,37.9,0.1,0.455,7.2
75.1,131.0,55.0,0.1,0.738,14.0
69.1,197.0,33.6,0.9,0.7090000000000001,11.7
78.2,62.0,26.2,0.1,0.693,12.7
67.11146523178809,182.8331953642384,35.43532608695652,0.1,0.5823099263112267,15.1
75.6,136.0,52.7,0.6,0.727,12.8
77.0,137.0,16.4,0.1,0.557,9.9
72.9,14.0,27.9,0.1,0.723,12.0
58.2,266.0,23.8,1.5,0.43799999999999994,8.4
73.3,163.0,3.7,0.2,0.74,14.0
57.0,431.0,28.7,19.2,0.57,11.4
64.7,215.0,7.6,0.1,0.0,11.6
72.7,171.0,42.5,2.2,0.68,10.9
73.8,148.0,48.6,0.2,0.679,12.3
47.1,433.0,21.2,1.7,0.375,8.5
75.0,162.0,62.0,0.1,0.7879999999999999,12.6
71.4,128.0,5.8,0.1,0.581,10.0
65.9,218.0,45.0,0.3,0.633,10.3
73.0,187.0,39.9,0.1,0.0,14.8
67.7,253.0,55.1,0.8,0.6729999999999999,13.2
67.4,225.0,44.9,0.1,0.6729999999999999,13.4
69.3,191.0,36.0,0.5,0.7290000000000001,12.0
63.2,266.0,39.1,0.1,0.588,9.4
68.2,152.0,13.0,0.1,0.506,8.4
68.0,252.0,31.2,0.1,0.436,7.7
55.7,299.0,17.8,1.9,0.5823099263112267,11.219255733448723
86.0,75.0,29.1,0.1,0.5823099263112267,11.219255733448723
46.7,679.0,3.5,37.2,0.56,11.8
59.3,271.0,14.7,0.7,0.462,8.3
76.4,13.0,47.7,0.2,0.784,13.9
67.5,216.0,21.1,0.1,0.648,11.4
68.7,26.0,57.3,0.1,0.7,14.3
59.7,336.0,14.3,1.4,0.405,5.3
66.4,21.0,22.9,0.3,0.547,9.1
81.0,84.0,62.5,0.1,0.831,15.6
66.0,163.0,23.9,0.1,0.5379999999999999,7.7
74.2,171.0,58.7,0.1,0.7879999999999999,12.4
51.4,394.0,2.9,7.7,0.433,6.9
51.5,454.0,17.7,10.8,0.5823099263112267,11.219255733448723
71.8,178.0,37.3,0.3,0.684,12.6
66.9,235.0,45.9,0.1,0.6859999999999999,13.8
56.4,345.0,35.43532608695652,3.6,0.41700000000000004,4.9
76.7,73.0,22.1,0.1,0.653,11.6
78.0,161.0,6.2,0.1,0.6859999999999999,13.1
51.4,383.0,35.43532608695652,3.8,0.0,0.0
66.2,24.0,26.9,0.5,0.542,10.6
67.4,211.0,48.0,0.2,0.632,14.0
73.3,144.0,46.5,0.1,0.746,15.8
79.0,186.0,41.0,0.7,0.6729999999999999,12.8
73.5,123.0,44.6,0.8,0.7490000000000001,14.0
52.8,332.0,16.1,2.2,0.5823099263112267,11.219255733448723
73.8,128.0,74.3,0.1,0.701,12.9
59.8,259.0,13.8,0.1,0.47700000000000004,8.3
72.0,153.0,67.8,0.1,0.6829999999999999,13.7
79.3,91.0,59.9,0.1,0.816,15.3
52.0,382.0,35.43532608695652,3.3,0.0,0.0
58.6,271.0,17.7,0.8,0.384,7.2
75.6,138.0,44.4,0.1,0.7829999999999999,14.1
75.0,93.0,64.0,0.1,0.758,13.2
67.0,185.0,61.5,0.1,0.0,0.0
73.9,152.0,58.9,0.3,0.718,13.2
68.0,218.0,23.1,0.1,0.669,11.5
75.1,113.0,56.1,0.1,0.732,14.4
62.8,19.0,16.4,0.1,0.445,5.3
75.5,121.0,59.8,0.1,0.802,16.8
63.0,232.0,18.1,0.7,0.331,5.1
74.5,83.0,7.2,0.1,0.7959999999999999,13.1
76.4,124.0,51.9,0.2,0.743,12.9
36.3,682.0,44.2,1.9,0.47,8.6
78.7,84.0,27.2,0.1,0.5823099263112267,11.219255733448723
67.4,159.0,16.2,0.1,0.618,12.5
48.6,453.0,19.8,7.3,0.345,6.4
51.0,53.0,13.9,9.4,0.418,11.5
78.2,68.0,69.3,0.1,0.855,13.4
75.4,124.0,55.7,0.1,0.7140000000000001,12.1
73.3,135.0,74.8,0.1,0.716,14.3
51.4,477.0,28.9,40.2,0.514,10.6
58.6,284.0,35.43532608695652,0.1,0.39399999999999996,5.5
75.8,133.0,53.5,0.5,0.727,12.8
86.0,92.0,58.0,0.1,0.87,16.1
52.5,397.0,22.7,4.4,0.34700000000000003,7.1
65.0,295.0,46.8,0.1,0.747,14.3
72.9,15.0,57.7,0.1,0.745,12.1
45.6,54.0,16.8,13.9,0.314,5.3
57.7,274.0,12.1,2.1,0.401,7.2
71.7,23.0,61.1,0.1,0.7959999999999999,15.7
47.6,477.0,19.4,8.3,0.33799999999999997,6.3
71.7,142.0,47.0,0.1,0.677,11.8
52.6,362.0,18.7,2.9,0.39,7.3
59.7,252.0,25.2,1.1,0.475,10.7
63.6,37.0,55.2,0.1,0.635,13.0
78.0,225.0,54.3,0.1,0.7809999999999999,15.0
72.7,161.0,52.2,0.1,0.7170000000000001,13.3
74.0,138.0,54.6,0.1,0.7709999999999999,15.6
73.0,12.0,59.3,0.1,0.736,13.6
73.2,156.0,54.1,0.1,0.72,13.3
65.4,215.0,25.4,0.9,0.531,10.4
69.8,194.0,5.6,0.1,0.655,13.8
67.0,34.0,23.2,1.4,0.5823099263112267,11.219255733448723
69.8,149.0,31.3,0.1,0.5823099263112267,11.219255733448723
68.6,16.0,44.8,0.1,0.519,8.0
75.0,154.0,46.9,0.1,0.679,11.8
81.1,88.0,59.6,0.1,0.879,16.0
76.0,84.0,55.1,0.1,0.831,13.2
52.9,279.0,15.0,1.6,0.27,3.1
74.2,125.0,57.2,0.1,0.762,13.6
59.7,315.0,29.2,10.7,0.636,12.3
78.0,14.0,54.6,0.1,0.732,14.7
66.5,213.0,51.3,0.1,0.616,9.4
63.9,274.0,26.2,3.0,0.5760000000000001,11.1
75.5,17.0,65.3,0.1,0.759,14.5
72.6,177.0,34.2,0.1,0.7440000000000001,13.3
73.6,99.0,55.5,0.1,0.623,11.6
72.7,121.0,29.0,0.3,0.636,13.2
59.4,288.0,23.0,2.9,0.51,8.7
67.9,218.0,22.6,0.1,0.662,11.4
63.0,26.0,3.1,0.9,0.509,8.5
70.0,224.0,58.2,0.1,0.755,15.1
66.4,178.0,35.3,0.3,0.5920000000000001,10.8
68.1,219.0,24.3,0.1,0.6709999999999999,11.7
74.4,151.0,45.8,0.3,0.679,12.6
74.0,131.0,34.4,0.1,0.7559999999999999,12.6
73.9,128.0,51.9,0.1,0.7290000000000001,12.7
71.4,177.0,44.7,0.2,0.6920000000000001,13.3
73.6,157.0,51.1,0.1,0.7140000000000001,13.8
71.0,184.0,42.9,0.4,0.682,13.0
45.3,593.0,12.6,1.9,0.0,3.9
51.5,387.0,13.3,5.2,0.268,4.4
76.2,118.0,62.2,0.1,0.825,17.3
52.2,335.0,21.5,0.8,0.5823099263112267,11.219255733448723
71.7,189.0,2.9,0.6,0.6659999999999999,11.8
76.2,91.0,54.3,0.1,0.725,12.5
71.5,174.0,26.9,0.1,0.687,12.6
57.9,339.0,17.9,6.4,0.506,10.4
74.6,146.0,33.3,0.1,0.779,15.2
52.8,47.0,27.4,2.0,0.5823099263112267,11.219255733448723
73.1,19.0,56.0,0.1,0.7809999999999999,12.1
68.7,197.0,43.2,0.8,0.691,12.5
55.3,394.0,21.7,5.9,0.496,9.4
67.0,234.0,18.8,0.4,0.0,10.5
69.7,24.0,44.5,0.4,0.57,9.8
56.7,287.0,23.1,5.9,0.405,8.9
73.8,158.0,59.9,0.1,0.7559999999999999,14.1
64.7,249.0,53.2,0.1,0.631,10.2
52.4,437.0,15.5,14.5,0.45,8.2
72.7,134.0,48.1,0.1,0.657,10.8
75.4,82.0,19.5,0.1,0.632,11.9
56.6,298.0,19.1,2.5,0.392,7.0
72.7,163.0,47.8,0.1,0.6940000000000001,13.8
43.3,48.0,19.2,2.2,0.341,7.8
73.7,14.0,52.2,0.2,0.708,13.3
75.0,117.0,58.5,0.1,0.785,14.6
59.5,271.0,18.0,0.1,0.0,8.8
78.3,99.0,47.3,0.1,0.7120000000000001,11.9
57.4,327.0,23.5,5.7,0.586,9.2
55.0,359.0,35.43532608695652,4.0,0.0,0.0
66.6,217.0,37.0,0.1,0.602,12.2
60.0,249.0,25.7,1.0,0.48100000000000004,10.7
58.4,282.0,25.6,3.4,0.419,9.2
76.0,121.0,52.8,0.1,0.725,13.4
77.4,18.0,52.1,0.1,0.6940000000000001,12.9
59.9,287.0,24.3,1.0,0.484,12.0
67.3,191.0,3.1,0.2,0.562,11.1
64.9,23.0,2.1,0.3,0.563,10.4
74.1,131.0,56.4,0.1,0.754,13.6
75.4,11.0,48.8,0.1,0.0,11.9
49.9,451.0,21.6,5.1,0.37,7.1
73.3,165.0,45.4,2.3,0.6890000000000001,11.1
71.1,144.0,23.2,0.9,0.5720000000000001,11.3
71.7,146.0,47.0,0.1,0.6629999999999999,11.5
75.6,87.0,55.1,0.1,0.826,12.9
78.8,92.0,58.4,0.1,0.78,16.5
58.3,277.0,2.1,1.5,0.5823099263112267,11.219255733448723
58.4,252.0,18.3,0.7,0.397,5.7
71.2,17.0,47.1,0.3,0.779,12.7
74.0,132.0,55.8,0.1,0.7490000000000001,13.5
73.0,17.0,36.2,0.1,0.7659999999999999,13.2
75.4,16.0,63.8,0.1,0.789,12.6
64.8,214.0,71.4,0.1,0.0,12.4
73.1,147.0,51.3,0.1,0.669,11.5
73.5,162.0,25.7,0.3,0.7,12.9
73.2,95.0,64.5,0.1,0.7859999999999999,14.0
76.6,12.0,62.1,0.1,0.753,12.9
73.0,138.0,73.8,0.1,0.7170000000000001,14.4
49.6,394.0,16.4,4.7,0.33799999999999997,6.0
64.6,255.0,35.2,3.7,0.6779999999999999,12.5
68.3,214.0,5.4,0.9,0.0,11.1
67.7,221.0,5.2,0.1,0.6809999999999999,13.1
76.1,147.0,64.5,0.1,0.79,12.6
79.7,71.0,59.6,0.1,0.863,16.0
65.9,183.0,34.1,0.3,0.579,10.7
64.6,234.0,37.9,0.1,0.493,8.6
71.6,135.0,51.7,0.1,0.591,10.8
69.3,162.0,18.0,0.1,0.545,12.3
59.8,289.0,14.9,2.4,0.37799999999999995,7.6
76.2,92.0,31.2,0.1,0.8340000000000001,14.1
75.7,12.0,6.4,0.1,0.816,17.1
72.1,157.0,53.4,0.1,0.5823099263112267,11.219255733448723
74.0,148.0,55.2,0.1,0.643,10.3
52.4,335.0,23.3,1.9,0.531,11.4
70.0,144.0,49.5,0.1,0.603,8.6
68.1,252.0,56.7,0.1,0.713,14.4
72.0,232.0,59.9,0.1,0.787,15.5
65.4,246.0,35.7,1.1,0.602,10.9
72.9,15.0,44.7,0.1,0.741,15.8
73.0,14.0,15.8,0.1,0.545,9.4
77.2,89.0,55.3,0.1,0.742,14.2
74.7,119.0,53.9,0.1,0.7140000000000001,13.6
79.9,89.0,6.2,0.1,0.8740000000000001,16.8
72.0,13.0,53.3,0.1,0.598,10.8
53.7,278.0,15.4,1.6,0.278,3.5
65.6,2.0,22.7,0.4,0.46299999999999997,8.3
75.1,95.0,57.0,0.1,0.813,12.4
59.4,269.0,12.3,0.1,0.47,9.8
73.1,146.0,45.6,0.1,0.7440000000000001,15.8
49.4,452.0,22.6,5.8,0.5823099263112267,11.219255733448723
63.7,245.0,41.3,0.1,0.0,10.4
69.9,18.0,42.2,0.1,0.638,12.3
75.5,127.0,52.1,0.1,0.7170000000000001,13.3
73.9,117.0,46.9,0.1,0.7609999999999999,14.6
55.3,316.0,22.0,3.1,0.37200000000000005,10.1
53.2,367.0,24.1,3.9,0.514,9.8
74.2,148.0,48.1,0.9,0.7140000000000001,12.5
68.1,165.0,26.7,0.1,0.5823099263112267,11.219255733448723
65.4,29.0,19.8,0.5,0.515,8.8
74.2,148.0,32.8,0.1,0.769,14.7
61.9,254.0,27.3,0.9,0.57,11.5
68.8,182.0,48.9,0.1,0.509,9.5
75.8,15.0,52.0,0.1,0.797,13.6
89.0,89.0,58.6,0.1,0.873,16.1
64.9,186.0,13.9,0.1,0.511,11.0
58.6,35.0,34.0,5.1,0.439,7.8
77.9,7.0,67.7,0.1,0.843,13.4
59.3,284.0,24.1,2.1,0.439,8.8
53.6,29.0,18.0,1.9,0.33799999999999997,5.8
52.4,323.0,13.7,2.5,0.0,3.9
78.9,76.0,58.3,0.1,0.845,15.2
75.0,211.0,5.1,0.2,0.6509999999999999,12.9
74.2,151.0,4.1,0.1,0.0,0.0
74.2,116.0,61.9,0.1,0.715,13.0
52.3,412.0,26.8,2.4,0.5823099263112267,11.219255733448723
64.7,255.0,18.6,0.4,0.418,5.0
69.0,279.0,31.7,3.2,0.436,5.3
71.1,166.0,44.9,0.1,0.662,13.0
69.2,192.0,35.2,2.0,0.721,11.9
74.1,157.0,62.1,0.1,0.769,14.3
65.8,211.0,44.2,0.1,0.0,10.6
62.0,329.0,14.7,1.3,0.405,5.3
52.1,28.0,14.6,1.6,0.266,3.0
74.5,88.0,68.2,0.1,0.845,16.1
74.4,145.0,56.4,0.1,0.7120000000000001,13.3
74.5,133.0,52.9,0.2,0.721,13.4
63.7,198.0,31.3,0.3,0.529,9.6
74.0,14.0,5.6,0.1,0.614,9.1
53.2,369.0,12.9,4.6,0.298,4.9
56.1,288.0,15.6,1.5,0.345,5.4
74.5,14.0,55.0,0.1,0.7979999999999999,12.0
73.6,116.0,62.4,0.1,0.737,13.1
59.3,273.0,12.8,2.1,0.42700000000000005,8.2
72.4,124.0,26.2,0.4,0.615,12.2
72.3,182.0,32.4,0.1,0.7390000000000001,13.2
73.4,158.0,44.3,0.3,0.67,12.4
79.7,78.0,6.0,0.1,0.877,15.8
74.6,12.0,54.1,0.1,0.7390000000000001,12.7
58.2,32.0,24.5,4.2,0.5820000000000001,9.2
81.5,63.0,62.6,0.1,0.8759999999999999,15.6
75.0,144.0,42.6,0.1,0.7809999999999999,14.5
74.9,13.0,59.3,0.1,0.72,14.7
69.4,173.0,43.3,0.1,0.0,10.4
79.8,86.0,61.2,0.1,0.82,15.4
46.4,64.0,17.6,18.2,0.44299999999999995,10.2
56.8,284.0,21.0,2.0,0.434,8.7
47.7,539.0,13.3,10.8,0.396,10.8
75.6,137.0,57.6,0.1,0.833,16.2
44.6,611.0,17.1,18.6,0.424,9.8
46.2,441.0,2.7,1.9,0.36700000000000005,8.3
75.9,9.0,51.7,0.1,0.703,11.6
52.9,416.0,19.3,7.8,0.48700000000000004,9.8
57.9,251.0,17.9,0.6,0.381,5.4
64.1,216.0,14.3,1.1,0.483,10.1
64.0,194.0,31.6,0.3,0.535,9.7
66.9,163.0,15.5,0.1,0.599,12.4
46.8,388.0,16.8,2.4,0.406,5.9
65.9,25.0,21.3,0.5,0.5329999999999999,9.1
73.2,17.0,59.1,0.1,0.0,15.2
55.7,45.0,19.7,11.9,0.504,11.4
67.6,187.0,17.5,0.2,0.599,11.5
75.3,1.0,61.2,0.1,0.723,14.6
61.7,317.0,3.2,11.7,0.589,11.3
58.3,34.0,22.0,2.6,0.457,11.5
78.0,218.0,54.0,0.1,0.764,14.4
67.11146523178809,182.8331953642384,5.2,0.1,0.7490000000000001,13.4
55.0,312.0,24.3,0.7,0.5823099263112267,11.219255733448723
74.7,81.0,71.4,0.1,0.799,13.3
69.5,28.0,51.4,0.1,0.782,15.0
55.0,357.0,18.9,5.0,0.435,10.1
61.4,259.0,27.3,0.9,0.42700000000000005,9.9
55.0,36.0,17.3,2.0,0.5823099263112267,11.219255733448723
55.3,388.0,16.9,10.3,0.483,9.7
71.8,157.0,66.2,0.1,0.674,13.2
55.3,293.0,15.1,1.7,0.33399999999999996,4.9
48.8,523.0,13.6,10.0,0.40399999999999997,11.0
71.2,17.0,39.8,0.1,0.624,11.8
74.9,93.0,27.3,0.1,0.682,12.2
73.1,16.0,54.7,0.7,0.703,13.0
63.2,187.0,17.4,0.1,0.457,5.5
64.1,241.0,42.0,0.1,0.0,10.4
69.2,28.0,43.8,0.4,0.5670000000000001,9.6
72.8,166.0,3.2,0.1,0.7340000000000001,13.8
74.5,129.0,37.4,0.1,0.7759999999999999,12.9
51.9,336.0,21.1,0.9,0.5823099263112267,11.219255733448723
64.7,23.0,19.5,0.4,0.508,10.3
56.3,288.0,22.5,6.0,0.401,8.9
84.0,68.0,61.6,0.1,0.872,15.7
67.2,161.0,15.8,0.1,0.607,12.5
72.0,165.0,58.6,0.1,0.6729999999999999,12.4
66.2,168.0,14.7,0.1,0.5660000000000001,11.7
69.4,216.0,23.6,0.5,0.596,12.5
79.2,81.0,59.9,0.1,0.83,15.3
64.4,261.0,18.0,0.4,0.41600000000000004,5.0
75.7,136.0,45.1,0.1,0.782,14.1
69.9,155.0,21.5,0.8,0.0,11.3
48.1,41.0,18.3,5.4,0.0,8.1
58.1,275.0,17.1,0.9,0.377,6.7
73.6,133.0,54.5,0.1,0.7390000000000001,13.4
61.3,273.0,32.2,3.1,0.441,5.5
59.1,331.0,38.2,1.3,0.42200000000000004,6.6
57.2,38.0,19.5,3.6,0.48,7.7
78.0,17.0,43.9,0.1,0.6559999999999999,12.8
56.7,366.0,28.4,3.7,0.507,10.4
65.7,23.0,2.8,0.4,0.488,10.8
63.0,294.0,18.9,4.3,0.523,11.1
73.6,158.0,56.5,0.1,0.7,11.8
62.3,229.0,13.2,0.1,0.484,10.2
73.8,88.0,67.5,0.1,0.787,13.8
74.3,89.0,66.4,0.1,0.83,15.2
44.3,464.0,19.7,2.2,0.348,8.0
48.9,418.0,22.2,1.3,0.392,8.9
46.0,66.0,15.9,22.4,0.371,9.7
72.6,138.0,45.9,0.1,0.0,10.4
63.3,238.0,43.3,0.1,0.607,13.7
52.9,462.0,17.6,13.7,0.43,10.2
45.6,58.0,17.2,13.4,0.315,5.4
73.6,14.0,46.0,0.1,0.662,10.6
68.0,274.0,15.3,2.0,0.39299999999999996,8.1
68.3,181.0,18.7,0.2,0.615,11.6
72.7,16.0,21.9,0.1,0.6,9.7
66.0,217.0,47.7,0.1,0.6829999999999999,10.8
61.8,246.0,21.6,0.1,0.47600000000000003,10.5
65.1,225.0,2.0,0.3,0.509,10.3
65.3,199.0,2.9,0.2,0.573,10.6
71.6,125.0,48.8,0.1,0.741,11.7
51.5,491.0,17.3,14.9,0.415,9.9
66.6,199.0,23.8,0.3,0.552,9.1
47.8,564.0,28.2,43.7,0.502,9.9
79.0,98.0,56.5,0.1,0.752,13.4
73.7,161.0,6.4,0.1,0.767,14.1
57.7,294.0,2.9,3.0,0.41200000000000003,7.8
87.0,79.0,61.4,0.1,0.887,17.0
68.9,243.0,57.2,0.1,0.723,14.6
56.7,292.0,18.6,1.7,0.5823099263112267,11.219255733448723
72.3,172.0,18.5,0.1,0.731,13.3
76.6,122.0,62.8,0.1,0.754,13.1
57.6,377.0,19.2,5.1,0.466,10.7
56.3,295.0,18.2,1.8,0.5823099263112267,11.219255733448723
57.3,357.0,29.0,3.5,0.514,10.4
72.4,127.0,57.8,0.1,0.73,13.8
59.5,272.0,17.6,0.1,0.46299999999999997,9.8
68.9,169.0,67.0,0.1,0.638,11.7
69.1,179.0,41.9,0.1,0.0,10.1
53.7,497.0,42.9,29.7,0.611,12.9
57.5,25.0,17.5,0.5,0.37799999999999995,5.2
63.8,224.0,37.5,0.1,0.0,0.0
67.5,151.0,42.6,0.1,0.642,10.4
46.8,495.0,19.0,9.0,0.33,6.2
74.0,15.0,51.4,0.1,0.6729999999999999,13.6
71.1,193.0,47.9,0.4,0.609,10.5
74.0,153.0,39.5,0.1,0.0,0.0
66.6,258.0,47.9,0.1,0.758,14.6
54.5,277.0,15.7,1.5,0.28600000000000003,3.7
65.0,24.0,14.8,0.9,0.495,10.3
52.2,366.0,18.2,3.1,0.387,7.3
58.6,348.0,21.9,2.4,0.5823099263112267,11.219255733448723
77.3,17.0,53.0,0.1,0.705,13.2
71.0,213.0,49.4,0.2,0.644,12.7
71.9,165.0,42.0,0.2,0.639,12.1
62.1,23.0,2.3,0.7,0.425,6.8
66.7,234.0,38.5,0.1,0.613,12.5
62.0,228.0,22.3,1.2,0.446,6.5
66.0,223.0,24.2,1.3,0.461,7.2
72.1,186.0,28.1,0.1,0.7120000000000001,12.1
66.7,188.0,24.3,0.3,0.491,9.5
65.5,23.0,14.9,0.3,0.556,10.2
80.0,78.0,63.1,0.1,0.857,16.2
67.8,184.0,38.7,0.3,0.631,11.8
56.8,33.0,19.8,2.3,0.371,7.9
74.5,138.0,19.8,0.1,0.7390000000000001,13.5
63.8,229.0,35.43532608695652,0.3,0.485,7.2
67.6,217.0,39.5,0.2,0.624,12.6
75.0,123.0,4.6,0.1,0.787,13.1
75.0,134.0,5.7,0.1,0.703,13.1
65.1,237.0,38.4,1.9,0.613,11.2
59.3,347.0,16.7,6.8,0.47700000000000004,10.7
74.5,148.0,53.2,0.1,0.636,11.6
69.7,171.0,54.8,0.1,0.644,11.7
76.0,198.0,46.5,0.4,0.596,10.4
75.2,12.0,49.4,0.1,0.0,12.1
62.3,291.0,18.5,3.1,0.488,10.0
70.0,229.0,59.3,0.2,0.799,14.6
79.0,169.0,68.2,0.1,0.659,12.3
66.8,215.0,4.4,0.1,0.45299999999999996,8.0
64.7,267.0,27.4,2.8,0.59,11.1
73.0,155.0,45.6,0.1,0.6629999999999999,12.1
56.3,41.0,15.6,8.2,0.45299999999999996,10.6
69.4,188.0,41.4,0.2,0.632,12.1
73.5,91.0,65.9,0.1,0.7909999999999999,14.4
75.0,93.0,64.4,0.1,0.763,13.3
69.3,167.0,54.5,0.1,0.638,10.3
63.1,25.0,3.8,0.9,0.513,8.5
74.2,147.0,43.8,0.1,0.7240000000000001,12.8
79.1,92.0,61.4,0.1,0.773,13.9
73.4,157.0,45.9,0.5,0.603,11.3
67.4,224.0,47.6,0.4,0.0,11.1
61.0,288.0,17.7,2.8,0.447,10.2
77.1,99.0,25.7,0.1,0.5823099263112267,11.219255733448723
73.8,122.0,5.4,0.1,0.6509999999999999,11.6
52.6,424.0,2.3,7.2,0.488,9.5
74.6,136.0,11.8,0.2,0.618,11.3
82.5,58.0,64.9,0.1,0.898,16.0
53.3,338.0,17.7,2.9,0.33799999999999997,5.9
63.4,249.0,22.0,2.8,0.55,11.1
74.8,144.0,55.3,0.1,0.747,15.2
57.4,283.0,19.1,1.6,0.5823099263112267,11.219255733448723
72.8,11.0,53.6,0.1,0.603,10.7
72.1,163.0,42.8,0.2,0.6459999999999999,12.3
73.0,139.0,72.9,0.1,0.693,12.9
73.1,138.0,28.8,0.1,0.7240000000000001,12.1
79.7,91.0,59.8,0.1,0.878,17.0
76.7,7.0,62.2,0.1,0.815,14.5
53.6,377.0,35.43532608695652,4.2,0.0,0.0
62.9,222.0,11.8,0.3,0.494,8.3
75.8,76.0,58.5,0.1,0.815,14.4
74.8,129.0,58.0,0.1,0.7879999999999999,16.3
56.9,368.0,2.2,6.4,0.5823099263112267,11.219255733448723
67.6,167.0,26.2,0.1,0.5823099263112267,11.219255733448723
74.6,142.0,21.9,0.1,0.757,13.8
67.5,257.0,54.8,0.7,0.669,13.3
77.6,95.0,26.2,0.1,0.5823099263112267,11.219255733448723
69.0,218.0,49.9,0.1,0.5823099263112267,11.219255733448723
81.7,83.0,6.6,0.1,0.882,16.1
73.2,137.0,29.8,0.1,0.731,12.7
75.5,79.0,56.8,0.1,0.81,14.2
66.9,194.0,28.5,0.5,0.5529999999999999,10.8
72.5,119.0,51.5,0.1,0.752,12.2
65.5,237.0,35.8,2.8,0.687,12.6
69.2,184.0,43.9,0.1,0.69,12.1
75.3,83.0,57.2,0.1,0.769,15.0
69.0,157.0,3.3,0.1,0.5823099263112267,11.219255733448723
68.9,219.0,46.2,0.4,0.615,11.6
67.8,183.0,37.0,0.3,0.613,11.6
66.2,162.0,24.7,0.1,0.542,7.8
79.2,11.0,55.8,0.1,0.851,15.5
66.3,218.0,4.9,0.8,0.618,10.7
55.0,34.0,16.1,2.4,0.297,4.6
64.0,252.0,14.4,0.2,0.485,8.6
57.9,322.0,29.0,4.3,0.37200000000000005,3.3
73.0,14.0,45.9,0.1,0.708,11.6
73.0,167.0,43.5,2.3,0.69,11.7
51.2,391.0,12.3,5.0,0.0,3.9
49.1,369.0,19.8,2.5,0.48,8.5
87.0,74.0,63.0,0.1,0.897,15.8
73.6,156.0,38.2,0.1,0.0,0.0
68.3,183.0,4.7,0.2,0.657,11.9
62.9,328.0,51.1,3.6,0.665,13.0
54.5,344.0,25.4,3.7,0.525,10.0
44.5,675.0,27.4,34.8,0.43700000000000006,10.7
69.8,212.0,58.5,0.2,0.728,14.9
72.5,159.0,44.2,0.1,0.649,12.0
81.0,93.0,57.5,0.1,0.86,15.5
69.3,199.0,51.8,0.6,0.6779999999999999,11.5
65.1,172.0,21.9,0.1,0.521,7.5
48.1,43.0,14.4,5.0,0.303,5.1
74.7,14.0,48.6,0.2,0.696,12.9
65.7,232.0,4.3,1.9,0.62,11.2
81.0,72.0,66.5,0.1,0.865,17.2
68.8,222.0,52.7,0.1,0.733,14.8
54.1,336.0,19.8,4.4,0.5529999999999999,8.5
65.2,233.0,2.1,0.5,0.485,10.8
77.5,8.0,57.2,0.1,0.7609999999999999,14.2
55.7,34.0,21.7,7.3,0.59,9.1
83.0,86.0,6.6,0.1,0.878,16.9
62.9,255.0,21.3,2.9,0.546,11.1
75.7,121.0,45.9,0.2,0.716,12.1
74.1,137.0,55.7,0.1,0.77,16.4
72.5,146.0,7.8,0.1,0.698,14.5
76.3,135.0,58.5,0.1,0.85,16.5
74.6,139.0,49.3,0.1,0.698,13.0
74.6,144.0,57.2,0.1,0.72,13.6
76.3,118.0,61.2,0.1,0.777,15.6
74.7,13.0,56.3,0.1,0.775,16.3
63.4,231.0,39.4,0.1,0.0,10.3
72.0,191.0,52.8,0.3,0.662,12.9
58.0,363.0,2.7,6.8,0.5329999999999999,11.8
62.5,238.0,11.4,0.1,0.439,8.9
59.9,314.0,4.4,1.5,0.439,7.6
53.8,334.0,19.5,3.6,0.5539999999999999,8.4
75.2,19.0,51.1,0.1,0.765,11.9
61.1,28.0,39.6,3.3,0.455,8.3
58.3,365.0,19.6,4.8,0.473,10.8
49.2,457.0,16.0,12.8,0.5823099263112267,11.219255733448723
65.8,168.0,1.8,0.1,0.46799999999999997,7.5
77.3,122.0,59.4,0.1,0.86,16.5
73.2,168.0,37.4,0.1,0.7809999999999999,14.1
53.2,417.0,2.7,6.8,0.49200000000000005,9.4
76.0,123.0,57.9,0.1,0.731,12.3
72.0,17.0,46.9,0.1,0.695,14.0
76.1,97.0,52.6,0.1,0.716,13.3
48.5,559.0,16.6,19.3,0.387,9.7
75.0,197.0,44.2,0.4,0.5770000000000001,10.7
75.2,138.0,47.5,0.1,0.735,13.1
57.1,283.0,21.5,2.0,0.43799999999999994,8.9
57.5,378.0,15.9,8.1,0.46399999999999997,10.8
66.4,3.0,55.7,0.3,0.754,13.8
52.5,372.0,12.6,4.9,0.28300000000000003,4.3
63.7,273.0,25.6,3.3,0.557,10.2
55.4,279.0,18.4,2.0,0.389,6.4
71.6,145.0,46.1,0.1,0.653,11.1
54.9,355.0,18.4,5.1,0.43200000000000005,10.0
60.0,23.0,21.1,1.1,0.44299999999999995,6.4
47.4,48.0,17.3,5.1,0.0,8.0
67.8,146.0,43.1,0.1,0.6509999999999999,10.6
67.4,185.0,35.3,0.2,0.594,10.7
49.6,381.0,35.43532608695652,3.0,0.0,0.0
76.8,117.0,63.4,0.1,0.7909999999999999,15.5
71.8,183.0,19.2,0.1,0.735,13.4
75.3,122.0,58.9,0.1,0.7659999999999999,14.1
75.5,124.0,46.9,0.1,0.721,12.4
53.3,394.0,23.8,7.2,0.456,8.2
68.8,183.0,49.7,0.1,0.512,9.6
56.2,338.0,15.7,2.4,0.336,8.6
63.5,219.0,21.2,0.5,0.444,7.5
62.4,36.0,31.0,8.7,0.598,11.4
74.4,128.0,57.0,0.1,0.755,13.6
74.9,116.0,55.0,0.1,0.7240000000000001,14.0
74.1,172.0,58.1,0.1,0.7859999999999999,12.4
67.3,19.0,17.0,0.2,0.59,11.3
56.6,343.0,35.43532608695652,3.5,0.42100000000000004,4.9
44.8,666.0,26.9,34.6,0.439,10.7
74.7,115.0,5.1,0.1,0.748,11.6
73.0,144.0,51.9,0.1,0.0,0.0
61.0,25.0,12.9,0.1,0.485,9.8
71.0,194.0,45.7,0.3,0.5870000000000001,11.0
58.8,272.0,2.6,1.2,0.5823099263112267,11.219255733448723
73.6,127.0,48.1,0.1,0.725,11.2
56.6,429.0,3.3,8.8,0.46399999999999997,9.8
62.9,233.0,23.2,0.8,0.49,10.9
67.7,273.0,57.6,0.4,0.73,14.9
73.0,189.0,56.3,0.1,0.8290000000000001,16.1
74.4,111.0,56.9,0.1,0.73,13.0
72.9,133.0,52.2,0.1,0.715,13.2
52.6,46.0,29.3,33.7,0.519,10.8
71.3,145.0,44.4,0.1,0.636,10.7
71.4,138.0,5.8,0.1,0.5920000000000001,10.8
56.7,295.0,13.4,0.1,0.373,6.5
63.9,292.0,43.9,0.1,0.6759999999999999,12.1
59.1,342.0,13.6,1.8,0.0,5.0
66.6,192.0,16.4,0.5,0.519,10.6
76.0,145.0,55.8,0.1,0.6459999999999999,10.4
73.2,159.0,45.1,0.6,0.597,11.1
74.9,126.0,58.3,0.1,0.767,14.0
51.0,424.0,17.7,15.3,0.318,6.7
71.6,16.0,69.7,0.1,0.6709999999999999,12.6
52.8,296.0,17.5,2.0,0.33299999999999996,5.5
75.3,14.0,59.1,0.1,0.741,12.9
59.4,277.0,35.43532608695652,0.2,0.40299999999999997,5.6
73.5,132.0,49.7,0.1,0.7070000000000001,11.7
59.1,317.0,18.4,5.0,0.514,10.7
54.8,491.0,33.2,14.4,0.61,11.9
71.5,141.0,55.3,0.1,0.747,15.9
52.0,48.0,14.5,8.1,0.359,7.6
68.9,182.0,59.1,0.1,0.649,10.1
65.0,211.0,73.4,0.1,0.574,11.8
72.0,174.0,37.9,0.1,0.6809999999999999,12.5
77.2,84.0,56.5,0.1,0.759,14.2
69.0,265.0,15.8,0.6,0.473,8.9
57.4,368.0,2.2,9.1,0.518,11.6
68.1,187.0,22.9,0.3,0.6559999999999999,12.1
73.0,157.0,46.6,0.1,0.579,10.7
68.3,179.0,18.9,0.2,0.5529999999999999,10.9
78.0,1.0,56.1,0.1,0.856,17.7
79.6,88.0,59.3,0.1,0.804,15.2
74.9,98.0,66.1,0.1,0.763,13.3
62.3,259.0,45.3,1.5,0.47,8.7
73.6,15.0,53.5,0.1,0.691,12.4
67.6,2.0,43.0,0.1,0.47,8.4
75.3,138.0,52.0,0.5,0.725,12.8
77.3,76.0,66.0,0.1,0.825,12.0
63.2,23.0,11.9,0.1,0.446,9.0
66.9,189.0,17.5,0.1,0.613,10.8
53.1,336.0,22.9,0.8,0.5823099263112267,11.219255733448723
55.0,282.0,19.0,1.7,0.363,6.4
79.0,186.0,4.1,0.7,0.0,12.7
74.9,138.0,23.4,0.1,0.764,14.0
74.7,12.0,54.7,0.1,0.701,14.3
72.4,149.0,26.0,0.1,0.715,11.6
73.8,159.0,61.0,0.1,0.77,14.2
66.0,229.0,36.3,2.7,0.6940000000000001,12.6
45.4,7.0,27.9,26.8,0.408,9.5
74.0,113.0,64.8,0.1,0.737,13.1
52.7,374.0,23.5,4.4,0.507,9.7
67.5,18.0,62.8,0.1,0.612,10.4
65.3,244.0,37.1,2.3,0.609,11.0
79.3,74.0,59.2,0.1,0.855,15.3
58.4,382.0,31.8,7.3,0.541,11.4
77.6,119.0,57.1,0.1,0.78,13.0
51.8,412.0,22.3,7.7,0.452,8.1
49.3,543.0,24.9,29.8,0.445,9.6
63.9,234.0,44.0,0.1,0.61,14.0
65.6,199.0,15.3,0.7,0.511,10.5
73.0,184.0,54.7,0.2,0.675,13.2
65.8,173.0,14.2,0.1,0.541,11.3
74.9,113.0,5.6,0.1,0.753,11.5
53.6,459.0,29.7,21.6,0.523,11.0
48.1,652.0,32.2,28.4,0.58,11.8
67.0,278.0,56.4,0.9,0.7070000000000001,14.5
74.5,148.0,53.6,0.1,0.73,14.2
61.4,288.0,31.4,10.7,0.6459999999999999,12.4
59.8,258.0,21.6,1.1,0.5823099263112267,11.219255733448723
81.3,86.0,6.1,0.1,0.879,16.0
51.2,31.0,16.5,2.3,0.308,4.9
74.9,87.0,55.0,0.1,0.7959999999999999,13.5
73.3,118.0,6.9,0.1,0.742,13.6
51.5,337.0,2.2,0.9,0.5823099263112267,11.219255733448723
66.3,164.0,11.2,0.1,0.47600000000000003,7.7
76.2,125.0,54.2,0.5,0.7290000000000001,12.8
73.6,12.0,54.9,0.1,0.0,11.9
64.3,222.0,23.4,1.6,0.514,10.0
55.0,388.0,2.4,5.2,0.47700000000000004,9.1
67.5,217.0,21.6,0.1,0.655,11.5
49.8,416.0,17.3,14.5,0.311,6.2
73.6,156.0,46.8,0.4,0.606,11.5
77.6,98.0,45.4,0.1,0.7020000000000001,11.6
85.0,74.0,62.5,0.1,0.894,15.8
74.4,12.0,49.9,0.1,0.722,12.5
68.3,225.0,21.1,0.5,0.5720000000000001,11.9
58.1,287.0,15.7,0.1,0.433,8.7
61.6,291.0,31.9,10.0,0.645,12.4
75.0,192.0,45.2,0.4,0.578,10.1
69.1,2.0,58.7,0.1,0.706,14.6
75.2,123.0,55.7,0.1,0.742,14.2
72.0,197.0,53.4,0.3,0.6659999999999999,13.0
59.2,296.0,18.3,0.6,0.493,8.2
76.8,82.0,65.2,0.1,0.825,11.7
62.5,282.0,14.9,0.1,0.0,8.0
77.8,72.0,67.0,0.1,0.8370000000000001,13.4
65.0,254.0,16.7,0.3,0.0,9.2
61.1,349.0,35.2,6.2,0.669,12.3
57.9,283.0,13.9,0.6,0.0,8.0
73.2,99.0,61.6,0.1,0.773,12.7
63.7,26.0,13.5,0.1,0.49200000000000005,10.6
74.5,92.0,54.5,0.1,0.7859999999999999,13.2
64.7,22.0,24.0,1.2,0.521,10.2
71.1,171.0,46.0,0.3,0.778,12.7
64.0,224.0,23.6,1.3,0.451,6.7
64.2,22.0,17.0,0.6,0.474,8.0
74.1,126.0,51.8,0.1,0.6970000000000001,12.6
74.2,113.0,48.4,0.1,0.7709999999999999,15.0
69.0,18.0,41.1,0.1,0.0,9.6
59.9,28.0,23.6,2.6,0.519,9.1
55.3,35.0,15.2,2.9,0.319,7.9
71.4,14.0,23.7,0.8,0.574,11.1
69.7,19.0,61.9,0.1,0.727,15.2
72.3,195.0,55.2,0.1,0.805,15.7
64.9,26.0,22.2,0.4,0.455,7.9
72.0,153.0,7.3,0.1,0.677,12.7
64.0,271.0,4.5,0.1,0.609,10.5
78.0,129.0,15.6,0.1,0.5870000000000001,11.8
72.5,132.0,57.4,0.1,0.7559999999999999,15.1
61.8,286.0,44.9,1.1,0.485,9.6
62.9,286.0,16.5,0.7,0.405,5.0
73.7,158.0,59.3,0.1,0.754,14.0
57.3,297.0,2.3,2.3,0.376,8.1
54.0,334.0,18.1,2.8,0.325,5.1
62.2,284.0,46.4,1.0,0.501,9.9
72.6,134.0,47.8,0.1,0.645,10.8
80.0,77.0,6.6,0.1,0.8809999999999999,15.8
54.3,47.0,2.9,9.6,0.397,9.5
44.5,715.0,26.7,36.7,0.418,9.5
61.0,296.0,28.1,9.5,0.637,12.2
70.0,215.0,48.6,0.3,0.636,12.4
74.9,113.0,48.2,0.1,0.0,11.6
62.6,243.0,42.6,0.1,0.6,13.3
65.0,37.0,54.0,0.2,0.7090000000000001,12.1
75.8,122.0,5.3,0.1,0.74,12.9
68.7,223.0,21.9,0.6,0.581,12.3
79.3,81.0,6.5,0.1,0.8390000000000001,15.6
52.3,375.0,22.8,4.7,0.5,9.6
55.9,369.0,27.2,4.6,0.496,10.4
66.2,215.0,46.7,0.3,0.638,10.3
67.1,189.0,34.8,0.1,0.0,10.6
68.5,186.0,47.2,0.1,0.49700000000000005,9.4
71.3,195.0,61.3,0.2,0.748,15.3
73.7,146.0,17.9,0.1,0.725,13.2
76.0,127.0,17.5,0.1,0.6779999999999999,12.6
58.0,526.0,18.8,15.9,0.479,10.9
48.0,4.0,14.1,4.8,0.3,4.9
62.8,289.0,34.1,6.0,0.664,12.5
74.9,94.0,63.5,0.1,0.752,13.3
66.3,188.0,15.4,0.1,0.597,10.7
74.0,189.0,51.9,0.1,0.6659999999999999,13.8
68.8,164.0,38.2,0.2,0.613,11.1
62.0,298.0,24.5,3.8,0.5479999999999999,10.5
77.0,9.0,54.7,0.1,0.735,14.2
66.1,195.0,15.9,0.6,0.52,10.5
50.0,42.0,21.1,3.2,0.373,10.3
77.9,1.0,56.1,0.1,0.775,14.0
73.3,161.0,51.5,1.4,0.6920000000000001,12.8
68.4,211.0,41.1,0.3,0.546,8.5
72.5,147.0,72.1,0.1,0.703,14.5
69.6,237.0,58.7,0.3,0.792,14.3
76.0,89.0,29.1,0.1,0.823,13.4
56.5,273.0,2.7,1.5,0.396,7.3
56.0,344.0,12.5,3.6,0.0,3.5
64.0,284.0,41.3,0.1,0.621,11.2
58.6,318.0,3.2,3.9,0.396,4.0
71.0,135.0,17.0,0.1,0.565,10.0
76.7,83.0,65.1,0.1,0.83,12.6
56.7,337.0,23.0,8.2,0.583,9.2
65.3,27.0,75.2,0.1,0.584,11.9
75.4,16.0,51.5,0.1,0.703,12.9
79.2,96.0,54.4,0.1,0.747,13.1
55.7,452.0,25.8,24.6,0.556,11.8
54.3,321.0,23.8,0.8,0.5823099263112267,11.219255733448723
71.9,164.0,41.8,0.1,0.0,15.3
72.7,118.0,52.5,0.1,0.758,12.7
77.9,64.0,25.1,0.1,0.6829999999999999,12.4
72.7,144.0,27.0,0.1,0.725,11.9
76.0,1.0,33.2,0.1,0.84,14.3
72.2,151.0,48.1,0.4,0.685,12.8
71.7,163.0,52.1,0.1,0.5823099263112267,11.219255733448723
72.8,17.0,56.9,0.1,0.742,12.0
65.5,22.0,2.5,0.3,0.511,10.3
65.8,245.0,17.4,0.3,0.0,9.6
50.0,525.0,16.9,16.9,0.4,9.6
75.3,92.0,56.6,0.1,0.818,12.6
41.5,57.0,18.4,1.9,0.322,7.4
51.2,364.0,17.1,4.1,0.36,6.7
67.7,179.0,63.2,0.1,0.616,10.5
55.3,37.0,26.0,5.5,0.48,9.7
48.9,38.0,35.43532608695652,2.7,0.0,0.0
74.7,16.0,5.7,0.1,0.7809999999999999,15.8
71.2,181.0,43.8,0.4,0.6890000000000001,13.2
69.0,267.0,25.5,1.9,0.547,10.5
59.3,266.0,21.1,1.1,0.5823099263112267,11.219255733448723
77.0,174.0,43.0,0.1,0.647,12.5
73.8,119.0,46.2,0.2,0.757,14.4
67.8,221.0,51.2,0.1,0.6829999999999999,13.2
72.2,165.0,42.0,1.2,0.5710000000000001,10.4
46.4,622.0,25.9,32.5,0.446,10.4
79.4,8.0,61.8,0.1,0.855,16.4
75.9,17.0,61.3,0.1,0.8029999999999999,15.1
54.0,47.0,23.3,0.8,0.413,9.3
69.5,186.0,47.0,0.2,0.7,12.4
71.2,23.0,5.8,0.3,0.657,12.9
68.6,151.0,13.5,0.1,0.513,8.6
73.4,125.0,43.8,0.7,0.75,14.0
73.8,13.0,56.5,0.1,0.7509999999999999,13.2
75.8,85.0,54.8,0.1,0.8290000000000001,13.1
78.0,132.0,47.3,0.1,0.728,11.6
64.8,28.0,13.9,0.3,0.536,9.7
73.4,139.0,9.2,0.1,0.569,10.4
70.0,173.0,57.0,0.1,0.665,12.2
73.6,163.0,57.1,0.1,0.7140000000000001,12.4
39.0,533.0,17.2,1.2,0.292,6.7
76.2,118.0,54.2,0.1,0.7390000000000001,14.0
72.6,122.0,28.2,0.3,0.632,13.1
71.3,171.0,39.6,1.6,0.557,9.9
62.4,281.0,47.2,0.8,0.506,10.0
54.8,321.0,12.2,0.1,0.33799999999999997,5.5
72.5,146.0,71.4,0.1,0.688,12.9
68.5,199.0,42.0,0.1,0.6779999999999999,11.9
52.1,522.0,32.0,9.4,0.491,10.8
74.6,121.0,57.8,0.1,0.774,14.2
64.8,225.0,17.6,0.6,0.441,8.4
64.2,286.0,36.8,2.8,0.693,12.6
71.6,169.0,4.4,1.5,0.561,10.1
69.1,185.0,43.0,0.1,0.6809999999999999,12.0
74.2,138.0,16.6,0.1,0.7120000000000001,12.9
61.7,215.0,26.8,1.2,0.47600000000000003,7.1
73.8,154.0,38.9,0.1,0.0,0.0
77.3,67.0,23.1,0.1,0.6629999999999999,11.8
66.2,219.0,46.7,0.2,0.625,14.3
73.8,137.0,1.0,0.2,0.584,10.7
59.6,278.0,35.43532608695652,0.2,0.409,5.6
69.5,15.0,46.5,0.1,0.54,8.8
61.8,33.0,23.4,4.1,0.5760000000000001,12.5
45.3,654.0,27.9,34.1,0.43700000000000006,10.7
71.9,194.0,6.5,0.1,0.7929999999999999,15.6
71.5,179.0,26.4,0.1,0.6829999999999999,12.5
69.3,163.0,39.0,0.2,0.617,11.2
79.2,97.0,57.5,0.1,0.758,13.6
73.5,121.0,6.2,0.1,0.705,12.5
59.9,268.0,15.0,0.7,0.457,8.5
74.4,96.0,25.7,0.1,0.659,11.4
61.1,262.0,27.3,1.7,0.45,8.9
55.8,285.0,19.7,2.1,0.41600000000000004,7.7
65.7,256.0,37.9,2.2,0.698,12.6
76.5,122.0,54.2,0.1,0.7559999999999999,12.8
71.8,129.0,46.0,0.1,0.0,11.4
73.4,157.0,56.8,0.3,0.7090000000000001,13.2
75.1,12.0,52.2,0.1,0.785,15.3
65.4,228.0,4.4,0.1,0.5,9.0
73.0,193.0,43.5,0.4,0.57,10.4
69.6,158.0,18.5,0.1,0.551,12.4
78.4,93.0,57.4,0.1,0.79,14.6
73.9,154.0,31.8,0.1,0.7559999999999999,14.3
73.5,12.0,55.9,0.1,0.7090000000000001,12.2
66.2,21.0,62.4,0.1,0.608,10.2
76.2,82.0,55.8,0.1,0.826,13.3
76.0,74.0,59.3,0.1,0.8140000000000001,14.4
68.0,183.0,4.0,0.2,0.6509999999999999,11.8
73.0,142.0,32.4,0.1,0.5823099263112267,11.219255733448723
51.9,39.0,2.2,3.1,0.33799999999999997,8.7
59.7,285.0,23.7,1.0,0.475,12.0
66.1,218.0,41.6,0.3,0.618,10.5
72.9,189.0,55.2,0.2,0.779,12.1
63.3,241.0,16.4,1.2,0.42200000000000004,8.4
81.0,69.0,6.1,0.1,0.863,15.9
67.11146523178809,182.8331953642384,58.4,0.1,0.721,12.7
77.0,178.0,38.2,0.1,0.0,14.3
73.9,151.0,41.3,0.1,0.7070000000000001,12.8
76.3,75.0,21.2,0.1,0.6509999999999999,11.8
82.0,94.0,57.0,0.1,0.857,15.5
76.8,92.0,54.2,0.1,0.728,13.9
67.6,226.0,47.6,0.1,0.5823099263112267,11.219255733448723
73.8,121.0,49.4,0.1,0.644,11.5
68.6,29.0,56.6,0.1,0.698,14.2
59.1,39.0,3.6,3.7,0.405,4.3
69.6,162.0,39.9,0.2,0.622,11.3
67.3,218.0,19.6,0.1,0.636,11.6
72.6,144.0,46.7,0.4,0.6859999999999999,13.9
62.0,214.0,27.4,1.2,0.484,7.6
56.9,368.0,22.3,5.5,0.507,9.6
81.1,72.0,3.0,0.1,0.5823099263112267,11.219255733448723
62.0,266.0,25.0,1.5,0.406,9.5
57.9,286.0,22.9,2.8,0.38299999999999995,9.9
54.0,429.0,18.1,15.9,0.332,7.0
69.9,185.0,4.2,0.3,0.767,12.4
76.4,119.0,6.1,0.1,0.77,15.7
67.6,228.0,46.8,0.1,0.5823099263112267,11.219255733448723
66.3,25.0,46.9,0.1,0.693,14.3
62.0,285.0,45.7,1.0,0.494,9.9
68.4,256.0,57.5,0.2,0.773,13.7
81.7,61.0,63.0,0.1,0.878,15.7
69.2,231.0,58.0,0.3,0.7340000000000001,14.9
68.7,174.0,19.6,0.2,0.5579999999999999,10.9
61.4,223.0,18.9,0.5,0.345,5.3
71.4,162.0,68.9,0.1,0.665,12.4
76.3,116.0,62.8,0.1,0.826,17.3
68.9,25.0,51.1,0.6,0.672,11.3
75.2,133.0,14.0,0.1,0.647,11.9
63.5,241.0,35.0,2.1,0.47,6.3
61.0,255.0,2.6,0.1,0.461,10.2
74.9,97.0,64.9,0.1,0.7659999999999999,13.3
70.0,177.0,5.1,0.2,0.705,12.8
72.9,112.0,48.1,0.1,0.6459999999999999,12.8
74.7,142.0,45.2,0.1,0.735,13.0
77.0,144.0,56.5,0.1,0.649,10.4
54.0,329.0,21.5,3.2,0.335,10.2
67.5,19.0,3.9,0.2,0.565,11.2
72.0,18.0,65.6,0.1,0.64,12.1
48.0,473.0,2.9,6.7,0.5823099263112267,11.219255733448723
74.0,146.0,5.2,0.2,0.6920000000000001,12.3
62.8,32.0,54.2,0.1,0.645,12.5
49.4,394.0,16.1,4.9,0.306,5.7
53.1,329.0,22.4,0.8,0.5823099263112267,11.219255733448723
73.9,126.0,49.2,0.1,0.7140000000000001,12.6
73.5,133.0,75.2,0.1,0.718,14.3
49.6,365.0,2.4,2.5,0.488,9.0
68.4,162.0,44.7,0.1,0.675,11.2
66.4,196.0,15.9,0.2,0.569,10.4
74.9,135.0,12.9,0.2,0.633,11.6
72.3,178.0,49.3,1.8,0.677,12.6
61.5,24.0,15.5,0.2,0.503,9.0
67.7,267.0,56.8,0.8,0.716,14.7
77.8,74.0,58.0,0.1,0.762,14.2
68.5,166.0,28.7,0.1,0.5823099263112267,11.219255733448723
73.3,98.0,62.4,0.1,0.779,12.8
71.2,188.0,44.1,2.5,0.6559999999999999,12.3
59.4,338.0,23.3,4.3,0.527,10.0
72.1,168.0,28.0,0.1,0.7040000000000001,13.0
73.2,133.0,51.3,0.1,0.7340000000000001,12.8
72.6,125.0,52.7,0.1,0.0,11.7
73.9,128.0,48.6,0.1,0.703,12.2
55.5,281.0,18.8,2.1,0.395,6.6
59.0,251.0,18.7,0.7,0.401,5.9
74.1,155.0,29.0,0.2,0.72,13.3
56.5,285.0,2.5,2.1,0.43,8.5
71.6,135.0,55.9,0.1,0.6679999999999999,11.9
64.3,235.0,19.0,0.4,0.506,10.2
74.6,82.0,7.8,0.1,0.787,13.0
79.3,99.0,56.4,0.1,0.852,15.4
64.0,267.0,15.4,0.6,0.466,8.7
68.3,196.0,4.8,0.3,0.6679999999999999,11.7
74.7,19.0,27.0,0.1,0.8190000000000001,13.4
75.4,131.0,14.7,0.1,0.655,12.0
72.3,161.0,43.5,0.2,0.648,12.1
72.2,171.0,38.4,0.2,0.684,12.4
47.6,44.0,13.9,4.6,0.0,4.7
63.0,268.0,13.1,1.9,0.445,9.3
81.5,68.0,64.7,0.1,0.903,15.9
57.4,39.0,2.1,3.5,0.485,8.0
74.2,111.0,56.4,0.1,0.7140000000000001,12.2
58.5,288.0,22.2,3.1,0.42,8.4
72.9,133.0,61.8,0.1,0.706,13.7
55.6,283.0,19.2,2.1,0.40700000000000003,7.3
71.7,194.0,51.4,0.3,0.659,13.4
74.1,16.0,53.6,0.1,0.735,12.9
57.6,328.0,15.9,6.2,0.40399999999999997,9.3
58.7,276.0,14.3,0.7,0.456,8.2
72.1,129.0,55.5,0.1,0.7120000000000001,13.0
69.0,155.0,45.7,0.1,0.53,8.5
65.7,194.0,21.7,0.2,0.5820000000000001,10.8
65.2,211.0,19.1,0.6,0.504,8.5
77.8,118.0,57.8,0.1,0.785,13.0
54.7,327.0,18.5,2.7,0.34600000000000003,6.6
74.9,17.0,57.9,0.1,0.735,12.9
65.6,217.0,45.0,0.1,0.665,10.6
64.1,225.0,35.43532608695652,0.3,0.488,7.2
77.7,19.0,51.3,0.1,0.6920000000000001,12.5
58.8,343.0,13.3,1.9,0.0,4.7
68.0,184.0,18.1,0.2,0.607,11.6
73.8,124.0,51.3,0.1,0.648,11.8
58.4,259.0,22.5,1.6,0.44799999999999995,9.3
57.3,295.0,14.7,0.1,0.405,8.1
57.3,397.0,4.1,21.3,0.635,13.0
52.0,415.0,26.2,2.9,0.5823099263112267,11.219255733448723
67.2,229.0,39.0,0.1,0.618,12.6
61.9,249.0,32.7,0.1,0.457,8.2
58.2,252.0,17.3,0.9,0.312,4.5
68.5,211.0,25.4,0.1,0.679,11.7
73.2,96.0,64.0,0.1,0.7859999999999999,14.1
71.0,177.0,25.3,0.1,0.667,12.1
74.5,141.0,2.5,0.1,0.746,13.6
62.1,298.0,16.0,0.9,0.40399999999999997,5.1
52.0,46.0,16.8,12.1,0.5823099263112267,11.219255733448723
73.8,132.0,33.4,0.1,0.747,12.5
49.8,37.0,15.6,2.5,0.29100000000000004,4.4
72.1,167.0,47.5,0.3,0.7040000000000001,13.3
72.5,177.0,22.6,0.5,0.682,12.0
67.4,186.0,17.6,0.3,0.54,10.7
52.4,336.0,22.0,0.8,0.5823099263112267,11.219255733448723
73.6,134.0,31.6,0.1,0.732,12.7
79.4,96.0,58.5,0.1,0.762,13.7
81.7,68.0,3.8,0.1,0.5823099263112267,11.219255733448723
65.8,248.0,35.7,2.1,0.637,11.7
59.4,287.0,23.1,1.5,0.47,12.0
50.0,587.0,29.0,18.1,0.419,9.9
74.2,17.0,54.1,0.1,0.7909999999999999,11.8
74.1,9.0,65.6,0.1,0.818,14.5
68.0,247.0,54.4,0.1,0.675,13.1
66.1,232.0,34.1,2.5,0.625,11.6
55.0,438.0,3.2,15.7,0.526,11.2
74.6,12.0,53.9,0.1,0.695,14.3
67.11146523178809,182.8331953642384,77.3,0.1,0.5823099263112267,11.219255733448723
72.6,154.0,43.9,0.1,0.0,15.8
58.1,345.0,12.8,2.0,0.0,4.3
71.0,146.0,31.8,0.1,0.5823099263112267,11.219255733448723
74.4,88.0,67.3,0.1,0.841,15.8
67.7,221.0,4.4,0.2,0.539,8.2
69.3,198.0,49.9,0.2,0.649,13.8
73.6,148.0,47.9,0.1,0.679,12.3
69.2,177.0,5.5,0.1,0.514,9.6
72.8,135.0,45.3,0.1,0.596,10.2
53.6,395.0,24.4,7.0,0.456,8.0
52.8,35.0,18.5,4.1,0.0,7.1
68.3,185.0,23.8,0.3,0.662,12.3
64.6,177.0,2.6,0.1,0.513,7.3
73.0,15.0,44.9,0.1,0.66,11.6
75.4,89.0,55.8,0.1,0.823,12.8
74.8,12.0,56.5,0.1,0.71,14.4
74.1,137.0,54.0,0.1,0.764,15.0
62.5,251.0,43.0,2.0,0.466,8.5
73.9,157.0,52.4,0.1,0.63,11.5
63.1,238.0,12.4,0.1,0.447,8.6
74.1,147.0,32.3,0.1,0.765,14.7
74.2,134.0,49.5,0.4,0.693,13.0
73.4,117.0,61.7,0.1,0.7390000000000001,13.2
72.0,198.0,53.1,0.1,0.7929999999999999,15.0
74.5,147.0,5.9,0.1,0.62,11.5
57.8,272.0,23.2,1.6,0.43,8.2
78.9,9.0,58.7,0.1,0.797,14.8
76.4,89.0,3.1,0.1,0.828,13.7
67.2,183.0,36.4,0.3,0.607,11.3
71.3,178.0,56.3,0.9,0.708,12.7
48.3,426.0,13.2,8.5,0.318,6.6
51.9,428.0,14.4,18.1,0.44799999999999995,8.4
54.3,288.0,18.5,1.8,0.35,6.1
63.5,276.0,34.6,4.9,0.669,12.5
50.0,51.0,28.5,40.7,0.508,10.5
68.0,314.0,23.9,4.0,0.545,10.3
74.5,143.0,21.2,0.1,0.752,13.7
74.0,133.0,5.2,0.3,0.696,13.2
64.9,213.0,72.1,0.1,0.0,12.2
76.1,16.0,61.8,0.1,0.804,15.1
46.0,63.0,27.8,49.1,0.495,9.7
71.3,161.0,6.9,0.1,0.7559999999999999,14.0
76.0,98.0,52.1,0.1,0.71,13.1
73.9,153.0,47.6,0.4,0.611,11.7
63.0,189.0,16.9,0.1,0.45,5.4
59.7,278.0,35.43532608695652,0.2,0.415,5.7
64.9,321.0,55.0,0.3,0.741,13.6
59.7,272.0,24.5,1.8,0.40299999999999997,9.6
76.3,123.0,61.5,0.1,0.748,12.7
46.4,587.0,26.7,49.9,0.502,9.2
58.9,296.0,22.4,3.1,0.499,8.1
59.8,296.0,3.9,3.5,0.41600000000000004,4.5
58.0,437.0,22.1,4.5,0.345,7.1
48.2,632.0,28.6,20.5,0.42100000000000004,9.7
77.3,121.0,54.9,0.1,0.758,12.9
63.0,252.0,34.4,2.1,0.467,6.3
69.9,29.0,47.8,0.3,0.628,12.0
66.0,2.0,15.4,0.2,0.563,10.5
68.6,178.0,52.3,0.1,0.621,11.3
74.2,13.0,53.6,0.1,0.7490000000000001,13.4
74.1,96.0,57.5,0.1,0.64,12.1
78.1,69.0,68.4,0.1,0.8540000000000001,13.4
46.6,67.0,28.2,23.7,0.414,9.6
71.9,131.0,54.8,0.1,0.706,12.7
73.9,158.0,61.5,0.1,0.7709999999999999,14.2
68.0,178.0,16.4,0.2,0.515,11.1
76.7,122.0,63.5,0.1,0.758,13.3
74.4,149.0,4.8,0.1,0.0,0.0
59.5,272.0,17.3,0.1,0.0,8.2
73.6,89.0,66.7,0.1,0.787,14.1
61.5,253.0,13.5,1.7,0.45799999999999996,9.7
53.5,323.0,16.5,2.1,0.5823099263112267,11.219255733448723
69.8,172.0,55.5,0.1,0.6509999999999999,11.9
45.1,615.0,15.5,23.4,0.366,10.0
63.2,23.0,23.7,0.8,0.49700000000000005,11.1
49.3,554.0,18.4,17.0,0.467,10.7
73.1,12.0,59.4,0.1,0.754,12.3
72.8,142.0,72.7,0.1,0.7070000000000001,14.4
72.4,129.0,57.6,0.1,0.6809999999999999,11.9
72.7,135.0,44.6,0.1,0.589,10.1
47.7,49.0,17.8,5.3,0.0,7.7
63.4,225.0,22.2,1.6,0.504,9.7
67.11146523178809,182.8331953642384,35.43532608695652,0.1,0.5823099263112267,11.219255733448723
59.3,33.0,35.6,4.8,0.444,8.0
66.0,259.0,2.1,0.1,0.45899999999999996,10.0
54.3,369.0,35.43532608695652,4.2,0.0,0.0
66.1,2.0,77.1,0.1,0.597,11.9
77.0,79.0,65.6,0.1,0.828,11.8
66.0,217.0,45.9,0.3,0.636,10.3
68.2,261.0,57.0,0.3,0.7759999999999999,14.0
72.8,126.0,58.5,0.1,0.687,11.9
55.0,355.0,17.8,0.8,0.5823099263112267,11.219255733448723
71.4,192.0,2.2,0.7,0.657,11.5
74.2,98.0,24.9,0.1,0.6459999999999999,11.0
68.0,299.0,41.9,1.5,0.45399999999999996,8.2
68.1,227.0,5.4,0.1,0.72,14.7
73.0,134.0,46.0,0.1,0.599,10.3
73.9,157.0,51.7,0.1,0.625,11.5
63.8,241.0,18.5,0.4,0.504,10.2
73.7,123.0,48.5,0.1,0.636,11.4
74.7,18.0,57.4,0.1,0.732,13.0
74.4,123.0,53.3,0.1,0.736,12.7
72.6,171.0,41.6,2.2,0.682,11.4
72.5,162.0,49.3,0.1,0.711,13.3
67.9,199.0,58.5,0.1,0.6579999999999999,10.1
81.0,72.0,63.6,0.1,0.898,15.9
68.9,179.0,26.5,0.3,0.682,12.9
73.5,11.0,23.4,0.1,0.622,10.2
73.0,188.0,55.9,0.1,0.8220000000000001,16.1
65.2,182.0,32.5,0.3,0.5529999999999999,10.1
72.5,163.0,42.8,0.9,0.5770000000000001,10.6
52.3,52.0,3.2,10.5,0.469,11.0
54.1,441.0,18.0,11.2,0.444,10.6
73.8,132.0,52.0,0.1,0.738,13.3
66.8,29.0,52.5,0.1,0.628,10.1
51.3,485.0,14.2,8.9,0.42700000000000005,11.6
74.6,116.0,47.6,0.1,0.0,0.0
73.7,16.0,26.8,0.3,0.706,13.0
63.7,183.0,18.4,0.1,0.474,5.6
62.1,234.0,16.1,0.2,0.509,9.0
58.0,325.0,29.4,4.2,0.37799999999999995,3.5
58.0,312.0,17.1,1.2,0.39299999999999996,10.3
59.3,251.0,24.1,1.3,0.45799999999999996,10.0
57.0,37.0,16.7,4.4,0.34299999999999997,6.3
57.5,427.0,34.2,12.7,0.6459999999999999,12.1
76.0,147.0,57.2,0.1,0.6559999999999999,10.5
76.9,79.0,36.2,0.1,0.845,14.2
72.4,18.0,33.5,0.1,0.74,13.2
75.4,1.0,53.7,0.1,0.7929999999999999,15.3
72.0,176.0,43.1,2.5,0.6509999999999999,12.2
51.5,333.0,2.4,3.1,0.386,10.5
81.8,61.0,63.4,0.1,0.883,15.8
69.4,184.0,44.4,0.6,0.6920000000000001,12.3
71.9,168.0,27.5,0.1,0.696,12.8
73.7,127.0,52.3,0.1,0.65,11.7
73.4,15.0,47.1,0.1,0.675,12.3
68.5,21.0,4.1,0.1,0.629,12.4
57.9,278.0,19.6,1.6,0.5823099263112267,11.219255733448723
76.8,127.0,53.4,0.1,0.755,12.8
73.2,136.0,73.4,0.1,0.698,12.9
52.1,425.0,19.3,14.1,0.36,8.2
72.2,185.0,3.7,0.1,0.728,13.1
68.5,211.0,55.9,0.1,0.695,14.0
62.2,212.0,28.1,1.2,0.48700000000000004,7.7
71.1,146.0,54.0,0.1,0.736,15.8
61.8,279.0,23.8,1.4,0.5823099263112267,11.219255733448723
56.0,371.0,2.7,3.1,0.376,10.4
62.0,248.0,35.43532608695652,0.3,0.456,6.8
62.9,234.0,13.9,1.4,0.47,10.0
68.2,21.0,41.4,0.4,0.677,11.8
71.2,194.0,46.4,0.3,0.5920000000000001,11.0
64.0,266.0,17.5,0.5,0.414,5.0
48.1,463.0,23.8,0.6,0.426,9.5
75.4,18.0,51.5,0.1,0.782,12.4
75.6,13.0,15.3,0.1,0.662,12.2
69.7,161.0,4.7,0.2,0.625,11.3
56.0,429.0,4.9,24.0,0.629,13.0
52.1,518.0,31.4,9.6,0.484,11.1
64.3,22.0,12.9,0.1,0.457,9.2
74.5,153.0,31.3,0.1,0.733,13.6
57.1,289.0,23.7,5.7,0.41,9.0
81.1,76.0,62.1,0.1,0.893,17.0
65.6,22.0,45.9,0.1,0.672,10.7
72.7,166.0,29.7,0.1,0.728,13.6
55.0,471.0,26.5,24.7,0.5539999999999999,11.7
73.2,152.0,46.4,0.1,0.664,12.4
45.3,45.0,2.2,2.2,0.35700000000000004,8.2
77.0,25.0,59.6,0.2,0.7390000000000001,15.1
63.2,231.0,15.2,0.5,0.445,7.7
67.9,189.0,22.1,0.3,0.645,11.7
51.9,434.0,14.7,16.9,0.447,8.4
48.6,438.0,13.7,8.1,0.332,7.1
68.8,199.0,4.7,0.1,0.631,12.2
54.7,483.0,27.2,24.0,0.5589999999999999,11.7
79.3,96.0,59.0,0.1,0.873,17.2
63.3,248.0,4.7,0.1,0.0,10.3
58.9,35.0,34.8,5.0,0.44299999999999995,7.9
71.2,138.0,55.1,0.1,0.6579999999999999,11.5
82.2,6.0,64.6,0.1,0.895,16.0
74.3,15.0,49.3,0.4,0.614,11.6
75.7,129.0,16.0,0.1,0.6679999999999999,12.3
67.2,217.0,19.2,0.1,0.631,11.6
67.5,277.0,57.2,0.7,0.723,14.8
61.8,22.0,19.3,0.4,0.35100000000000003,5.4
73.9,87.0,67.9,0.1,0.7879999999999999,13.6
72.8,159.0,51.2,0.1,0.713,13.3
65.7,224.0,41.3,0.1,0.499,9.0
55.4,355.0,35.43532608695652,3.9,0.429,4.9
75.4,124.0,56.3,0.1,0.746,14.7
71.9,166.0,41.2,1.4,0.5660000000000001,10.3
78.0,98.0,57.7,0.1,0.784,17.6
62.6,249.0,16.0,1.4,0.41100000000000003,8.2
51.2,341.0,19.4,0.9,0.5823099263112267,11.219255733448723
66.2,227.0,38.7,0.1,0.442,6.6
57.0,352.0,18.2,0.8,0.5823099263112267,11.219255733448723
63.1,226.0,21.7,1.4,0.501,9.6
47.9,461.0,19.4,7.1,0.5823099263112267,11.219255733448723
56.0,347.0,35.43532608695652,3.8,0.419,4.9
72.7,138.0,64.8,0.1,0.7190000000000001,13.4
72.3,14.0,47.9,0.1,0.6729999999999999,11.7
74.8,143.0,57.9,0.1,0.7240000000000001,13.6
65.1,226.0,45.4,0.2,0.62,14.6
62.7,241.0,35.43532608695652,0.3,0.46299999999999997,7.0
46.5,391.0,16.3,2.3,0.401,5.5
56.9,436.0,33.7,13.4,0.63,12.1
46.0,699.0,31.1,34.6,0.5579999999999999,11.9
68.0,282.0,17.1,3.7,0.43799999999999994,10.4
51.7,348.0,22.7,2.0,0.527,11.4
73.8,14.0,51.5,0.3,0.706,13.3
54.9,464.0,29.9,13.3,0.452,10.1
61.5,25.0,32.2,0.1,0.45,8.0
68.8,219.0,5.4,0.1,0.5823099263112267,11.219255733448723
58.9,373.0,32.3,7.1,0.541,11.4
73.3,181.0,55.4,0.2,0.6759999999999999,13.2
51.3,346.0,14.9,2.5,0.5823099263112267,11.219255733448723
73.7,133.0,32.5,0.1,0.736,12.3
75.2,83.0,55.6,0.1,0.8029999999999999,13.9
74.9,156.0,57.1,0.1,0.836,16.1
74.4,167.0,59.4,0.1,0.79,12.5
78.0,1.0,48.3,0.1,0.715,12.1
73.1,16.0,39.6,0.2,0.6890000000000001,12.2
82.2,79.0,62.0,0.1,0.89,16.2
74.6,147.0,51.0,0.3,0.623,11.2
63.8,263.0,39.8,0.1,0.599,10.1
73.9,99.0,24.1,0.1,0.634,10.6
63.0,275.0,24.2,2.2,0.53,9.8
76.5,118.0,62.3,0.1,0.784,15.5
76.5,127.0,52.7,0.1,0.75,12.8
63.1,223.0,17.3,0.2,0.525,9.4
63.3,229.0,38.7,0.1,0.0,10.2
79.6,95.0,6.5,0.1,0.775,14.2
54.6,339.0,16.6,5.1,0.425,9.3
77.5,1.0,46.4,0.1,0.708,11.7
78.8,13.0,54.6,0.1,0.8440000000000001,15.7
75.3,115.0,59.1,0.1,0.787,15.0
79.8,77.0,28.2,0.1,0.5823099263112267,11.219255733448723
74.2,144.0,55.0,0.1,0.7,13.0
73.7,17.0,5.6,0.1,0.667,13.5
58.8,284.0,22.2,1.0,0.406,8.5
73.1,135.0,51.7,0.1,0.7090000000000001,13.1
54.0,363.0,13.2,4.4,0.306,5.2
56.5,426.0,25.1,23.9,0.556,11.7
76.1,124.0,6.8,0.1,0.745,12.6
75.0,175.0,66.5,0.1,0.645,12.0
65.6,229.0,43.2,0.4,0.624,10.3
68.5,165.0,27.7,0.1,0.5823099263112267,11.219255733448723
72.0,132.0,56.8,0.1,0.675,12.0
51.3,385.0,13.0,5.3,0.268,4.5
71.8,134.0,24.3,0.8,0.5820000000000001,11.2
58.3,34.0,21.8,3.2,0.491,7.7
68.0,266.0,26.7,1.7,0.449,8.9
72.8,18.0,47.9,0.1,0.674,10.7
64.6,239.0,19.5,0.7,0.475,10.5
75.8,19.0,6.7,0.1,0.799,15.1
63.0,328.0,22.3,4.8,0.565,12.5
51.9,387.0,13.5,5.1,0.276,4.7
74.0,143.0,53.5,0.1,0.6409999999999999,10.7
76.3,87.0,63.3,0.1,0.809,12.6
71.0,147.0,53.4,0.1,0.732,15.7
73.1,119.0,6.1,0.1,0.7390000000000001,13.6
63.2,235.0,35.43532608695652,0.3,0.46799999999999997,6.8
74.1,149.0,42.2,0.1,0.71,12.6
48.0,513.0,17.9,1.7,0.306,7.2
72.2,151.0,68.6,0.1,0.693,14.6
51.4,282.0,14.3,1.6,0.261,2.9
49.6,46.0,16.4,12.5,0.5823099263112267,11.219255733448723
69.7,28.0,48.2,2.0,0.6679999999999999,12.6
68.0,27.0,48.6,0.2,0.636,13.8
66.8,221.0,18.7,0.1,0.625,11.4
57.7,323.0,28.6,4.3,0.363,2.9
57.6,278.0,22.0,1.8,0.444,9.1
69.4,195.0,6.2,0.1,0.7140000000000001,14.9
74.8,145.0,42.0,0.1,0.773,14.7
76.0,139.0,32.9,0.1,0.5823099263112267,11.219255733448723
45.7,512.0,17.9,12.0,0.315,5.7
68.4,172.0,16.9,0.2,0.529,12.0
79.4,79.0,27.7,0.1,0.5823099263112267,11.219255733448723
74.8,145.0,54.0,0.1,0.642,11.7
65.2,26.0,14.4,0.3,0.546,9.9
77.7,78.0,41.2,0.1,0.8640000000000001,14.9
65.7,222.0,46.0,0.2,0.622,14.4
62.1,243.0,13.6,0.4,0.41700000000000004,7.5
68.2,175.0,64.7,0.1,0.625,11.0
74.6,128.0,38.5,0.1,0.779,12.9
76.2,125.0,51.1,0.1,0.7440000000000001,12.9
58.0,399.0,3.8,6.8,0.488,10.4
72.3,127.0,56.3,0.1,0.7170000000000001,13.2
82.2,64.0,67.0,0.1,0.919,16.3
62.0,347.0,5.3,3.7,0.66,13.0
76.4,11.0,53.5,0.1,0.7959999999999999,13.7
71.5,168.0,4.6,0.1,0.632,12.2
72.4,124.0,26.8,0.4,0.621,12.4
55.0,339.0,2.9,5.9,0.5870000000000001,9.0
73.0,152.0,22.1,0.8,0.562,11.0
60.0,339.0,17.2,4.6,0.47700000000000004,10.0
81.6,68.0,65.3,0.1,0.907,15.9
73.2,189.0,56.7,0.1,0.7829999999999999,12.2
62.1,263.0,2.1,3.0,0.536,11.1
74.2,85.0,69.0,0.1,0.792,13.4
64.1,235.0,36.4,0.1,0.483,8.4
73.7,13.0,6.2,0.1,0.0,14.2
48.4,43.0,14.8,5.1,0.284,5.4
69.2,154.0,45.3,0.1,0.682,10.7
72.4,143.0,63.8,0.1,0.73,13.4
73.6,157.0,45.1,0.3,0.675,12.5
75.6,16.0,51.8,0.1,0.797,13.5
85.0,75.0,61.9,0.1,0.8909999999999999,15.8
58.6,281.0,16.2,0.1,0.434,8.9
58.1,279.0,25.0,4.5,0.415,9.1
72.7,16.0,5.3,0.1,0.7120000000000001,13.3
54.2,382.0,24.9,6.7,0.466,8.8
61.2,263.0,26.1,1.3,0.5539999999999999,10.9
79.6,94.0,59.4,0.1,0.8759999999999999,17.1
54.7,355.0,17.9,5.2,0.428,9.9
75.6,77.0,57.6,0.1,0.813,14.4
66.0,196.0,23.2,0.3,0.474,8.7
73.3,159.0,49.4,0.1,0.7,13.5
67.5,278.0,56.6,0.3,0.769,13.9
77.2,19.0,53.8,0.1,0.7190000000000001,14.2
76.0,116.0,24.7,0.1,0.5823099263112267,11.219255733448723
73.1,126.0,53.2,0.1,0.0,11.8
66.6,198.0,27.7,0.5,0.546,10.6
73.0,22.0,46.1,2.3,0.665,12.4
82.3,64.0,31.7,0.1,0.5823099263112267,11.219255733448723
74.2,14.0,52.2,0.1,0.6829999999999999,13.9
86.0,74.0,65.4,0.1,0.86,17.1
65.0,242.0,19.5,0.7,0.415,6.4
73.6,142.0,48.4,0.1,0.7509999999999999,15.8
77.5,118.0,56.3,0.1,0.773,12.9
62.2,241.0,22.1,0.2,0.479,10.6
51.1,344.0,19.0,0.9,0.5823099263112267,11.219255733448723
65.6,27.0,2.5,0.5,0.526,9.1
69.0,218.0,45.3,0.4,0.607,11.3
73.5,178.0,56.1,0.2,0.6779999999999999,13.2
81.8,6.0,63.8,0.1,0.889,15.9
81.5,83.0,61.1,0.1,0.885,16.1
73.4,97.0,63.1,0.1,0.787,13.0
61.9,261.0,16.7,0.6,0.483,9.1
53.4,397.0,14.9,7.7,0.371,8.2
75.1,15.0,58.5,0.1,0.7390000000000001,12.9
72.7,112.0,57.9,0.1,0.0,14.9
72.3,196.0,62.3,0.1,0.7979999999999999,15.6
68.3,237.0,49.1,0.1,0.5823099263112267,11.219255733448723
56.0,283.0,13.9,1.6,0.255,2.9
63.5,185.0,17.9,0.1,0.465,5.6
67.11146523178809,182.8331953642384,79.3,0.1,0.5823099263112267,0.0
68.5,172.0,65.8,0.1,0.629,11.4
69.6,139.0,15.2,0.1,0.5770000000000001,11.3
72.7,166.0,53.6,0.9,0.6970000000000001,12.9
67.7,254.0,54.9,0.1,0.6809999999999999,13.3
53.7,484.0,32.6,9.3,0.495,10.7
62.5,224.0,11.4,0.3,0.489,8.3
72.9,136.0,48.9,0.1,0.68,12.0
75.7,13.0,59.4,0.1,0.738,12.5
67.5,183.0,15.9,0.2,0.502,10.5
68.8,184.0,42.2,0.1,0.6729999999999999,12.0
73.0,135.0,53.9,0.1,0.73,13.2
75.9,128.0,16.7,0.1,0.675,12.5
73.6,138.0,9.6,0.1,0.5760000000000001,10.6
67.9,178.0,63.6,0.1,0.617,10.7
75.5,123.0,55.6,0.1,0.737,13.4
72.6,141.0,47.4,0.1,0.644,11.1
74.3,147.0,43.0,0.1,0.7170000000000001,12.7
63.5,238.0,4.0,0.1,0.0,10.3
46.6,554.0,13.0,11.6,0.382,9.8
64.3,268.0,32.5,4.7,0.612,11.5
68.9,167.0,17.4,0.2,0.5379999999999999,12.3
71.7,133.0,54.0,0.1,0.7,12.6
58.5,343.0,13.1,1.9,0.0,4.4
74.4,111.0,49.2,0.1,0.775,15.3
71.7,163.0,53.2,0.1,0.6459999999999999,12.0
75.2,142.0,43.2,0.1,0.7859999999999999,14.4
75.5,83.0,59.7,0.1,0.774,14.8
63.9,224.0,16.4,0.5,0.465,7.9
69.6,181.0,45.7,0.1,0.6990000000000001,12.8
57.5,36.0,2.7,4.6,0.5823099263112267,11.219255733448723
79.0,172.0,39.1,0.1,0.625,11.6
72.3,15.0,69.4,0.1,0.6940000000000001,14.6
66.1,227.0,21.4,0.4,0.493,10.8
57.3,296.0,2.3,2.9,0.40399999999999997,7.6
53.2,45.0,19.7,12.6,0.37200000000000005,8.8
56.2,344.0,2.4,4.8,0.441,10.1
51.1,527.0,29.7,13.4,0.46399999999999997,10.9
52.1,3.0,17.4,3.1,0.0,6.4
55.3,37.0,15.4,7.1,0.38799999999999996,8.8
71.2,211.0,54.6,0.1,0.7909999999999999,15.4
67.7,219.0,48.3,1.8,0.0,11.0
69.2,197.0,59.5,0.1,0.7090000000000001,14.7
51.9,383.0,35.43532608695652,3.9,0.0,0.0
78.7,83.0,58.0,0.1,0.8009999999999999,14.2
78.1,14.0,55.4,0.1,0.754,16.0
69.5,175.0,54.2,0.1,0.636,11.5
71.4,154.0,45.4,0.5,0.674,13.5
52.5,336.0,16.9,3.0,0.322,5.1
61.1,251.0,31.7,0.1,0.444,7.9
59.7,32.0,29.8,11.0,0.638,12.3
62.5,29.0,28.8,1.2,0.491,7.8
57.5,279.0,16.6,1.0,0.365,6.3
69.7,187.0,39.3,0.7,0.76,12.4
44.6,717.0,27.5,30.3,0.406,9.3
78.0,149.0,48.2,0.1,0.589,10.7
53.8,498.0,43.6,29.5,0.609,12.9
54.3,314.0,16.9,2.0,0.5823099263112267,11.219255733448723
65.5,26.0,75.7,0.1,0.585,11.9
73.1,167.0,54.7,0.1,0.684,11.0
75.7,123.0,58.3,0.1,0.753,15.5
48.5,47.0,18.8,5.4,0.445,8.5
49.9,443.0,23.2,5.3,0.5823099263112267,11.219255733448723
75.3,126.0,56.4,0.1,0.7190000000000001,12.2
75.4,11.0,58.4,0.1,0.741,14.4
57.6,31.0,2.7,3.5,0.484,7.6
75.3,125.0,54.9,0.1,0.735,13.4
64.6,217.0,69.7,0.1,0.0,11.7
81.0,76.0,61.3,0.1,0.8859999999999999,15.8
61.6,257.0,26.7,0.9,0.563,11.2
77.6,119.0,59.9,0.1,0.863,16.5
61.2,278.0,19.5,3.4,0.53,11.1
60.0,266.0,19.2,0.1,0.434,9.7
47.7,473.0,2.4,6.9,0.5823099263112267,11.219255733448723
62.6,245.0,33.9,0.1,0.47,8.6
64.7,287.0,45.8,0.1,0.725,13.5
74.9,127.0,56.9,0.1,0.78,16.3
64.8,175.0,21.3,0.1,0.514,7.3
67.0,19.0,17.0,0.3,0.5329999999999999,10.7
75.0,161.0,61.3,0.2,0.7879999999999999,12.6
74.3,84.0,69.5,0.1,0.794,13.2
51.2,434.0,18.9,16.3,0.353,7.9
51.5,34.0,2.7,0.9,0.5823099263112267,11.219255733448723
74.5,97.0,26.5,0.1,0.672,11.9
49.4,566.0,29.2,18.2,0.45299999999999996,10.8
75.8,86.0,31.9,0.1,0.723,13.1
62.2,325.0,35.7,5.5,0.6779999999999999,12.4
67.8,154.0,43.6,0.1,0.659,10.8
75.6,11.0,6.2,0.1,0.797,15.1
74.0,122.0,48.9,0.1,0.7340000000000001,11.5
73.2,124.0,59.3,0.1,0.6970000000000001,12.3
72.1,185.0,28.7,0.1,0.713,12.1
76.9,92.0,53.7,0.1,0.711,13.4
55.5,278.0,19.6,1.6,0.36,5.8
72.9,164.0,5.4,1.6,0.685,12.7
78.9,11.0,58.1,0.1,0.8640000000000001,17.1
72.8,189.0,55.5,0.1,0.812,15.9
74.4,129.0,56.2,0.1,0.768,13.9
74.7,95.0,63.0,0.1,0.746,13.2
55.6,297.0,21.9,6.0,0.39799999999999996,8.8
59.6,321.0,39.6,1.4,0.433,7.2
75.5,99.0,49.9,0.1,0.0,12.3
73.0,16.0,44.3,0.7,0.59,10.9
56.7,394.0,18.8,6.3,0.45899999999999996,10.7
68.6,164.0,29.2,0.1,0.5823099263112267,11.219255733448723
59.2,48.0,48.7,7.6,0.644,12.8
68.1,166.0,37.4,0.2,0.608,11.1
54.4,337.0,2.2,4.9,0.563,8.7
59.7,323.0,22.5,2.1,0.5823099263112267,11.219255733448723
74.4,136.0,11.3,0.2,0.609,11.1
66.8,216.0,47.3,0.2,0.626,14.1
48.7,466.0,22.1,6.1,0.5823099263112267,11.219255733448723
71.2,142.0,46.2,0.1,0.674,11.9
64.4,284.0,44.4,0.1,0.685,12.3
66.2,22.0,22.1,0.4,0.54,9.1
73.9,128.0,5.5,0.1,0.735,13.1
76.9,86.0,55.8,0.1,0.752,14.2
62.7,253.0,47.7,0.5,0.483,9.1
82.0,66.0,31.2,0.1,0.5823099263112267,11.219255733448723
61.4,217.0,26.1,1.3,0.475,7.2
64.3,219.0,68.8,0.1,0.0,10.4
71.0,145.0,49.1,0.1,0.59,10.8
65.0,37.0,3.8,10.9,0.64,12.4
68.7,177.0,51.8,0.1,0.617,11.2
72.2,185.0,31.2,0.1,0.733,13.1
61.7,29.0,14.4,0.1,0.0,7.6
74.5,125.0,55.3,0.1,0.759,13.5
69.9,165.0,44.9,0.1,0.0,10.6
72.0,139.0,48.5,0.1,0.687,11.4
47.8,586.0,25.4,31.2,0.44299999999999995,10.3
71.6,176.0,58.3,0.4,0.723,12.7
71.0,183.0,41.1,0.2,0.773,12.5
73.9,114.0,64.0,0.1,0.737,13.1
77.5,15.0,55.5,0.1,0.847,17.3
77.4,79.0,37.2,0.1,0.846,14.1
51.6,376.0,21.6,4.9,0.48700000000000004,9.3
53.1,356.0,19.1,2.8,0.39399999999999996,7.3
64.0,213.0,18.7,0.3,0.542,9.9
74.5,167.0,6.1,0.1,0.7909999999999999,12.6
67.9,221.0,49.0,1.6,0.0,11.0
72.6,192.0,54.4,0.1,0.0,12.0
61.2,219.0,25.5,1.3,0.475,7.4
53.9,37.0,2.1,5.4,0.0,8.0
79.1,81.0,59.2,0.1,0.823,15.2
58.0,386.0,12.8,5.2,0.268,4.5
73.9,97.0,56.5,0.1,0.634,12.1
67.3,248.0,48.3,0.1,0.5823099263112267,11.219255733448723
76.1,138.0,58.0,0.1,0.838,16.4
75.3,1.0,52.6,0.1,0.713,12.0
73.0,17.0,48.9,0.1,0.6809999999999999,10.9
75.0,127.0,54.1,0.1,0.703,11.6
72.3,165.0,48.4,0.2,0.7090000000000001,13.3
53.0,38.0,19.0,4.6,0.0,7.4
63.5,24.0,49.9,0.5,0.49,9.1
73.5,132.0,51.2,0.1,0.72,12.3
61.0,246.0,14.9,0.2,0.494,8.7
55.2,276.0,16.1,1.4,0.293,3.8
52.0,374.0,22.2,4.8,0.49200000000000005,9.5
72.9,141.0,49.2,0.1,0.6920000000000001,11.2
71.5,169.0,4.5,0.1,0.0,14.9
56.4,364.0,27.8,4.0,0.501,10.4
72.8,128.0,53.6,0.1,0.0,11.9
45.7,51.0,17.5,12.8,0.316,5.6
68.0,193.0,44.7,0.1,0.489,9.2
72.1,174.0,55.8,0.4,0.706,13.1
75.1,137.0,5.0,0.1,0.7020000000000001,13.1
68.0,176.0,64.1,0.1,0.622,10.9
57.2,27.0,21.9,1.5,0.41100000000000003,7.7
77.3,13.0,54.0,0.1,0.755,13.5
48.6,46.0,15.4,5.2,0.306,5.6
73.5,144.0,52.0,0.1,0.675,11.9
75.0,134.0,13.4,0.1,0.6409999999999999,11.7
77.6,65.0,24.1,0.1,0.675,12.1
58.4,362.0,16.3,8.0,0.473,10.9
71.4,178.0,57.7,0.4,0.722,12.7
72.4,15.0,49.0,0.1,0.659,11.6
74.1,112.0,65.6,0.1,0.741,13.1
66.8,219.0,17.8,0.1,0.618,11.4
65.0,263.0,19.1,0.1,0.479,10.1
72.6,141.0,51.2,0.1,0.7020000000000001,13.0
74.2,167.0,56.7,0.1,0.835,16.1
58.6,281.0,23.4,2.4,0.39399999999999996,9.8
72.2,134.0,56.7,0.1,0.752,15.4
52.7,419.0,19.8,7.6,0.48700000000000004,9.7
58.7,254.0,23.0,1.4,0.451,9.5
52.5,383.0,35.43532608695652,4.1,0.0,0.0
76.0,14.0,52.3,0.1,0.797,13.7
71.6,158.0,65.5,0.1,0.6759999999999999,13.7
73.4,158.0,5.3,0.1,0.7040000000000001,13.3
77.3,16.0,54.7,0.1,0.7609999999999999,13.7
77.7,12.0,49.3,0.1,0.7190000000000001,12.2
57.3,275.0,22.5,1.6,0.42100000000000004,8.0
73.2,137.0,74.3,0.1,0.718,14.3
69.8,226.0,57.7,0.1,0.7390000000000001,14.9
47.1,45.0,16.9,4.9,0.0,7.6
76.3,81.0,57.1,0.1,0.8240000000000001,13.3
75.0,138.0,5.5,0.5,0.721,12.7
76.7,78.0,6.5,0.1,0.8290000000000001,13.3
63.3,248.0,18.0,0.5,0.503,10.2
54.8,355.0,14.8,3.4,0.309,7.2
58.9,294.0,22.6,1.7,0.46399999999999997,12.0
54.9,41.0,14.8,8.6,0.434,10.6
63.3,219.0,12.2,0.3,0.499,8.4
75.4,122.0,57.7,0.1,0.75,15.5
43.5,599.0,14.4,25.1,0.387,10.1
51.6,334.0,19.8,0.9,0.5823099263112267,11.219255733448723
73.5,15.0,59.7,0.1,0.0,14.8
76.8,117.0,62.9,0.1,0.7879999999999999,15.5
68.7,161.0,29.7,0.1,0.5823099263112267,11.219255733448723
61.8,261.0,15.6,1.7,0.401,8.1
55.3,46.0,21.8,5.1,0.405,9.1
73.5,19.0,49.7,0.1,0.662,13.3
65.5,194.0,33.5,0.3,0.5720000000000001,10.6
69.0,191.0,43.8,0.8,0.695,12.8
52.1,341.0,15.7,2.4,0.5823099263112267,11.219255733448723
62.3,294.0,33.5,7.0,0.66,12.5
67.1,29.0,41.3,0.1,0.45899999999999996,8.1
51.8,34.0,15.3,2.4,0.5823099263112267,11.219255733448723
80.0,71.0,6.6,0.1,0.866,15.8
65.1,21.0,74.1,0.1,0.5720000000000001,11.6
74.0,179.0,42.0,0.4,0.772,12.5
65.9,242.0,34.9,2.2,0.632,11.7
73.2,168.0,58.2,0.1,0.745,13.4
74.3,118.0,49.5,0.1,0.742,11.5
67.2,262.0,55.3,0.1,0.687,13.6
76.5,8.0,58.6,0.1,0.826,13.3
69.9,188.0,62.7,0.1,0.7340000000000001,15.3
59.5,272.0,17.6,0.1,0.0,8.5
73.9,11.0,6.8,0.1,0.0,13.7
75.4,123.0,59.4,0.1,0.7709999999999999,14.3
72.5,125.0,57.0,0.1,0.723,13.5
62.8,26.0,18.3,2.3,0.45399999999999996,10.0
74.0,168.0,57.8,0.1,0.6709999999999999,12.4
58.0,428.0,47.2,11.0,0.63,12.8
69.6,181.0,45.0,0.6,0.7,12.8
71.0,174.0,38.8,1.7,0.551,9.8
69.0,176.0,52.9,0.1,0.623,11.2
72.8,163.0,43.6,0.3,0.6679999999999999,12.4
43.1,588.0,14.1,25.5,0.391,10.7
65.8,21.0,26.2,0.9,0.5329999999999999,10.1
72.8,148.0,49.8,0.1,0.6579999999999999,11.3
58.9,335.0,37.5,1.1,0.418,6.2
76.9,69.0,63.6,0.1,0.823,14.5
89.0,78.0,61.7,0.1,0.89,17.0
75.0,88.0,18.7,0.1,0.622,12.0
74.2,136.0,1.9,0.2,0.601,11.0
75.8,125.0,57.2,0.1,0.723,12.2
72.6,145.0,71.5,0.1,0.698,14.5
58.0,459.0,17.2,11.5,0.5823099263112267,11.219255733448723
68.5,224.0,49.9,0.1,0.7659999999999999,14.4
45.3,48.0,15.4,2.0,0.382,4.6
68.3,188.0,46.4,0.1,0.49200000000000005,9.3
68.3,152.0,17.4,0.1,0.603,12.5
72.2,121.0,5.6,0.1,0.745,11.9
64.5,23.0,44.7,0.2,0.617,14.4
75.9,12.0,61.0,0.1,0.8220000000000001,17.2
66.5,238.0,18.0,0.3,0.0,10.1
85.0,76.0,64.3,0.1,0.86,16.7
53.5,334.0,19.1,2.9,0.542,8.2
73.5,134.0,54.2,0.1,0.0,0.0
55.4,338.0,21.3,6.3,0.5920000000000001,9.1
57.6,393.0,31.2,9.8,0.539,11.4
71.7,167.0,41.1,0.1,0.0,15.1
76.6,83.0,65.0,0.1,0.835,13.7
71.0,198.0,6.1,0.2,0.7440000000000001,15.2
64.7,276.0,44.8,0.1,0.7,12.7
57.8,291.0,2.8,2.2,0.38,8.3
44.3,723.0,27.1,33.6,0.40700000000000003,9.2
68.5,183.0,41.4,0.1,0.664,12.0
59.7,247.0,19.1,0.7,0.408,6.2
67.7,189.0,21.3,0.2,0.6409999999999999,11.7
74.6,168.0,6.7,0.1,0.7909999999999999,12.6
75.3,131.0,51.4,0.1,0.71,13.2
69.5,22.0,52.6,0.8,0.684,11.7
72.6,136.0,43.9,0.1,0.588,10.0
61.1,295.0,42.7,1.4,0.461,8.6
74.8,118.0,54.9,0.1,0.741,12.7
78.6,97.0,5.3,0.1,0.723,12.4
81.2,7.0,64.1,0.1,0.898,15.9
79.0,93.0,6.7,0.1,0.772,14.0
56.5,449.0,46.4,19.0,0.622,12.8
69.0,371.0,49.5,4.5,0.652,12.8
67.4,232.0,19.5,0.4,0.0,10.9
73.5,143.0,47.4,0.1,0.7490000000000001,15.8
72.1,152.0,47.4,0.4,0.6859999999999999,13.3
65.4,192.0,25.2,0.1,0.5823099263112267,11.219255733448723
67.0,325.0,17.6,4.0,0.478,10.0
58.1,278.0,12.3,0.1,0.45899999999999996,8.0
64.3,193.0,32.1,0.3,0.5429999999999999,9.8
62.0,261.0,12.6,0.1,0.475,9.8
79.9,77.0,62.4,0.1,0.853,15.9
53.0,432.0,15.9,13.2,0.461,8.9
73.2,163.0,49.4,0.2,0.613,11.3
79.7,77.0,61.2,0.1,0.85,16.3
73.5,15.0,49.9,0.1,0.685,10.8
58.0,383.0,35.43532608695652,3.5,0.0,0.0
63.1,245.0,48.8,0.5,0.48700000000000004,9.1
56.8,271.0,21.3,1.5,0.40399999999999997,7.5
76.0,187.0,55.5,0.1,0.7040000000000001,12.5
56.3,3.0,18.5,2.3,0.384,6.8
69.1,219.0,22.7,0.6,0.589,12.6
73.5,12.0,54.5,0.1,0.0,11.9
71.3,144.0,54.6,0.1,0.74,16.0
52.5,32.0,17.9,3.6,0.0,6.7
67.11146523178809,182.8331953642384,81.6,0.1,0.5823099263112267,0.0
48.5,414.0,15.7,5.1,0.303,5.5
62.8,225.0,21.1,1.5,0.49700000000000005,9.4
63.5,232.0,35.43532608695652,0.3,0.478,7.0
73.9,147.0,49.4,0.2,0.688,12.3
83.0,76.0,63.7,0.1,0.8590000000000001,16.4
45.5,648.0,26.4,33.8,0.44,10.5
68.9,23.0,58.0,0.1,0.7040000000000001,14.5
75.8,16.0,66.1,0.1,0.764,14.5
74.9,167.0,62.6,0.2,0.789,12.6
71.2,179.0,57.0,0.4,0.7190000000000001,12.7
52.1,437.0,15.1,15.7,0.451,8.5
72.3,116.0,52.7,0.1,0.596,10.5
64.0,214.0,13.0,0.3,0.518,9.2
68.0,219.0,22.1,0.1,0.6609999999999999,11.7
58.7,271.0,12.7,0.1,0.46299999999999997,8.0
66.8,221.0,18.3,0.1,0.622,11.4
55.5,41.0,15.2,8.4,0.442,10.3
54.6,345.0,17.1,5.3,0.426,9.4
59.2,349.0,21.7,5.6,0.5539999999999999,12.3
71.9,123.0,49.7,0.1,0.742,11.8
46.2,633.0,28.3,30.0,0.44,10.6
74.1,115.0,47.7,0.1,0.7659999999999999,14.8
75.6,127.0,58.7,0.1,0.735,12.3
64.6,322.0,54.7,0.4,0.733,13.2
58.7,287.0,22.8,3.0,0.426,8.6
73.3,165.0,24.6,0.4,0.687,12.3
75.1,12.0,6.2,0.1,0.722,14.7
43.8,614.0,16.8,18.7,0.418,9.6
73.8,132.0,55.1,0.1,0.743,13.5
75.6,88.0,3.9,0.1,0.713,12.7
57.0,293.0,13.8,0.1,0.381,6.8
51.8,367.0,17.9,3.6,0.381,7.3
44.0,67.0,14.8,24.7,0.38799999999999996,10.4
57.9,38.0,21.2,3.4,0.489,7.9
73.0,13.0,58.5,0.1,0.747,12.2
47.1,568.0,26.3,48.8,0.506,9.3
74.4,16.0,26.1,0.1,0.818,13.4
58.8,279.0,16.7,0.1,0.44799999999999995,9.2
61.0,229.0,21.7,1.2,0.444,6.5
50.0,284.0,13.6,1.5,0.253,2.8
73.0,11.0,58.6,0.1,0.0,15.0
72.9,161.0,29.1,0.1,0.72,13.5
76.1,73.0,6.1,0.1,0.81,14.4
71.8,163.0,48.2,0.1,0.6559999999999999,11.5
63.8,224.0,22.8,1.6,0.509,9.8
73.7,122.0,55.4,0.1,0.703,12.1
64.1,222.0,67.9,0.1,0.0,10.0
62.7,278.0,47.9,0.7,0.511,10.0
57.1,263.0,16.9,1.1,0.307,4.2
75.5,126.0,48.6,0.1,0.728,12.8
49.7,411.0,22.7,0.9,0.401,9.1
79.5,79.0,59.3,0.1,0.872,15.8
59.2,275.0,17.2,0.1,0.45399999999999996,9.5
71.7,115.0,2.5,0.1,0.583,9.5
57.3,332.0,35.43532608695652,3.4,0.42100000000000004,4.9
52.5,328.0,16.6,3.0,0.316,4.8
58.7,276.0,11.9,0.1,0.0,0.0
67.3,171.0,36.6,0.2,0.603,11.1
71.9,138.0,56.0,0.1,0.748,15.7
76.8,88.0,35.2,0.1,0.841,14.1
56.4,36.0,19.4,2.4,0.364,7.6
75.2,11.0,53.0,0.1,0.792,15.3
74.7,9.0,54.8,0.1,0.794,13.3
59.5,251.0,24.6,1.2,0.466,10.3
67.2,19.0,19.0,0.1,0.629,11.1
48.2,472.0,21.5,6.5,0.5823099263112267,11.219255733448723
67.3,235.0,48.0,0.1,0.701,14.6
73.7,94.0,63.9,0.1,0.792,13.3
73.3,94.0,65.0,0.1,0.785,13.9
73.1,166.0,44.5,2.3,0.6940000000000001,11.9
71.7,187.0,49.9,0.4,0.614,10.7
58.1,326.0,29.8,4.0,0.38799999999999996,3.7
